date,brent,diesel,gasoline,jet_fuel,wti
2020-01-02,67.05,2.002,1.744,1.934,61.17
2020-01-03,69.08,2.039,1.792,1.972,63.0
2020-01-06,70.25,2.004,1.783,1.941,63.27
2020-01-07,68.74,2.009,1.758,1.949,62.7
2020-01-08,67.31,1.952,1.698,1.892,59.65
2020-01-09,66.58,1.934,1.696,1.874,59.56
2020-01-10,66.77,1.916,1.698,1.856,59.02
2020-01-13,64.14,1.881,1.698,1.821,58.17
2020-01-14,64.45,1.887,1.695,1.822,58.34
2020-01-15,63.29,1.857,1.686,1.792,57.86
2020-01-16,64.63,1.839,1.703,1.774,58.52
2020-01-17,64.05,1.833,1.686,1.773,58.55
2020-01-20,64.63,,,,
2020-01-21,63.66,1.796,1.677,1.736,58.25
2020-01-22,62.11,1.767,1.618,1.711,56.76
2020-01-23,61.26,1.759,1.603,1.702,55.51
2020-01-24,59.34,1.709,1.559,1.665,54.09
2020-01-27,58.54,1.641,1.517,1.598,53.09
2020-01-28,59.37,1.688,1.543,1.641,53.33
2020-01-29,59.46,1.667,1.571,1.62,53.29
2020-01-30,57.72,1.634,1.562,1.584,52.19
2020-01-31,57.77,1.595,1.534,1.504,51.58
2020-02-03,54.0,1.54,1.505,1.45,50.06
2020-02-04,53.9,1.559,1.48,1.451,49.59
2020-02-05,55.36,1.622,1.534,1.52,50.87
2020-02-06,55.18,1.635,1.531,1.553,50.94
2020-02-07,54.53,1.612,1.563,1.522,50.34
2020-02-10,53.39,1.581,1.562,1.491,49.59
2020-02-11,54.0,1.598,1.55,1.5,50.0
2020-02-12,55.54,1.647,1.62,1.56,51.13
2020-02-13,56.34,1.651,1.616,1.576,51.41
2020-02-14,57.37,1.669,1.625,1.591,52.03
2020-02-17,57.83,,,,
2020-02-18,57.35,1.644,1.65,1.559,52.1
2020-02-19,59.72,1.667,1.705,1.584,53.31
2020-02-20,59.57,1.657,1.705,1.583,53.77
2020-02-21,58.6,1.65,1.69,1.582,53.36
2020-02-24,56.71,1.575,1.65,1.511,51.36
2020-02-25,55.29,1.529,1.583,1.466,49.78
2020-02-26,54.96,1.466,1.523,1.412,48.67
2020-02-27,52.19,1.44,1.47,1.384,47.17
2020-02-28,51.31,1.45,1.458,1.381,44.83
2020-03-02,52.52,1.521,1.523,1.438,46.78
2020-03-03,52.24,1.515,1.51,1.43,47.27
2020-03-04,51.86,1.523,1.542,1.438,46.78
2020-03-05,51.29,1.472,1.5,1.379,45.9
2020-03-06,45.6,1.372,1.383,1.275,41.14
2020-03-09,35.33,1.149,1.129,1.039,31.05
2020-03-10,35.57,1.234,1.175,1.112,34.47
2020-03-11,34.45,1.209,1.092,1.057,33.13
2020-03-12,31.02,1.12,0.895,0.945,31.56
2020-03-13,32.25,1.147,0.929,0.977,31.72
2020-03-16,27.98,1.014,0.692,0.836,28.96
2020-03-17,27.97,1.015,0.712,0.838,26.96
2020-03-18,22.79,0.964,0.657,0.724,20.48
2020-03-19,23.98,1.017,0.667,0.777,25.09
2020-03-20,25.55,0.991,0.606,0.716,19.48
2020-03-23,23.75,1.013,0.449,0.697,23.33
2020-03-24,24.5,1.057,0.434,0.687,21.03
2020-03-25,25.62,1.063,0.542,0.692,20.75
2020-03-26,23.55,1.039,0.518,0.728,16.6
2020-03-27,22.39,1.038,0.55,0.766,15.48
2020-03-30,19.19,0.996,0.551,0.725,14.1
2020-03-31,14.85,0.972,0.543,0.697,20.51
2020-04-01,14.97,0.92,0.503,0.65,20.28
2020-04-02,20.24,0.978,0.512,0.705,25.18
2020-04-03,24.33,1.081,0.533,0.808,28.36
2020-04-06,22.58,1.032,0.637,0.765,26.21
2020-04-07,22.1,0.997,0.576,0.729,23.54
2020-04-08,25.22,0.999,0.635,0.731,24.97
2020-04-09,20.23,0.968,0.592,0.69,22.9
2020-04-13,,0.984,0.614,0.707,22.36
2020-04-14,21.74,0.939,0.609,0.662,20.15
2020-04-15,19.8,0.903,0.597,0.625,19.96
2020-04-16,18.69,0.93,0.6,0.653,19.82
2020-04-17,19.75,0.944,0.623,0.667,18.31
2020-04-20,17.36,0.878,0.573,0.6,-36.98
2020-04-21,9.12,0.73,0.471,0.453,8.91
2020-04-22,13.77,0.733,0.585,0.507,13.64
2020-04-23,15.06,0.712,0.594,0.497,15.06
2020-04-24,15.87,0.655,0.617,0.453,15.99
2020-04-27,15.17,0.562,0.598,0.407,12.17
2020-04-28,15.6,0.583,0.622,0.416,12.4
2020-04-29,17.86,0.652,0.683,0.485,15.04
2020-04-30,18.11,0.72,0.672,0.517,19.23
2020-05-01,18.49,0.755,0.686,0.48,19.72
2020-05-04,20.4,0.778,0.769,0.503,20.47
2020-05-05,25.46,0.849,0.827,0.574,24.56
2020-05-06,24.2,0.739,0.807,0.504,23.88
2020-05-07,24.23,0.753,0.844,0.518,23.68
2020-05-08,,0.811,0.877,0.579,24.73
2020-05-11,25.53,0.79,0.856,0.555,24.02
2020-05-12,26.67,0.739,0.82,0.629,25.76
2020-05-13,27.89,0.747,0.753,0.637,25.37
2020-05-14,29.87,0.828,0.835,0.703,27.4
2020-05-15,30.95,0.85,0.875,0.725,29.44
2020-05-18,33.3,0.947,0.954,0.822,31.83
2020-05-19,33.06,0.898,0.964,0.773,32.3
2020-05-20,34.76,0.919,0.974,0.824,33.56
2020-05-21,34.78,0.918,0.973,0.823,34.3
2020-05-22,33.8,0.908,0.959,0.813,33.49
2020-05-26,33.95,0.928,0.973,0.813,34.7
2020-05-27,32.73,0.901,0.917,0.786,32.8
2020-05-28,33.98,0.86,0.915,0.8,33.67
2020-05-29,34.15,0.932,0.948,0.856,35.57
2020-06-01,36.74,0.971,0.995,0.856,35.49
2020-06-02,37.72,1.028,1.017,0.913,36.88
2020-06-03,37.98,0.958,1.007,0.878,37.33
2020-06-04,38.41,0.976,1.046,0.896,37.42
2020-06-05,41.0,1.042,1.131,0.962,39.49
2020-06-08,39.66,1.018,1.122,0.938,38.17
2020-06-09,40.45,1.05,1.124,0.97,38.98
2020-06-10,41.18,1.061,1.125,0.981,39.54
2020-06-11,37.76,0.989,1.032,0.921,36.43
2020-06-12,38.54,1.044,1.056,0.964,36.24
2020-06-15,39.44,1.071,1.097,1.001,37.07
2020-06-16,40.75,1.124,1.141,1.049,38.26
2020-06-17,40.47,1.129,1.151,1.039,37.91
2020-06-18,41.75,1.149,1.198,1.059,38.79
2020-06-19,42.33,1.153,1.198,1.063,39.72
2020-06-22,43.2,1.17,1.244,1.08,40.6
2020-06-23,42.72,1.155,1.255,1.05,40.4
2020-06-24,40.4,1.099,1.15,1.001,37.91
2020-06-25,41.18,1.109,1.168,1.007,38.66
2020-06-26,40.97,1.073,1.094,0.971,38.53
2020-06-29,41.58,1.117,1.148,1.006,39.67
2020-06-30,41.64,1.125,1.16,1.02,39.27
2020-07-01,42.18,1.147,1.178,1.025,39.88
2020-07-02,43.19,1.175,1.207,1.04,40.57
2020-07-03,42.92,,,,
2020-07-06,42.73,1.189,1.205,1.072,40.51
2020-07-07,43.28,1.181,1.23,1.063,40.59
2020-07-08,43.67,1.197,1.263,1.067,40.91
2020-07-09,42.35,1.184,1.215,1.071,39.64
2020-07-10,43.27,1.201,1.244,1.091,40.56
2020-07-13,42.85,1.163,1.232,1.066,40.06
2020-07-14,42.97,1.163,1.229,1.073,40.3
2020-07-15,43.96,1.191,1.238,1.101,41.2
2020-07-16,43.71,1.175,1.207,1.068,40.74
2020-07-17,43.53,1.168,1.197,1.061,40.55
2020-07-20,43.3,1.184,1.204,1.077,40.83
2020-07-21,44.31,1.226,1.26,1.119,41.76
2020-07-22,43.98,1.222,1.259,1.114,41.88
2020-07-23,42.96,1.205,1.223,1.11,40.99
2020-07-24,43.29,1.207,1.245,1.112,41.23
2020-07-27,43.39,1.209,1.239,1.134,41.46
2020-07-28,43.11,1.194,1.227,1.101,40.89
2020-07-29,43.51,1.209,1.203,1.117,41.13
2020-07-30,42.98,1.167,1.183,1.083,39.85
2020-07-31,43.13,1.165,1.147,1.087,40.1
2020-08-03,43.76,1.188,1.169,1.095,40.83
2020-08-04,43.99,1.204,1.179,1.111,41.67
2020-08-05,44.92,1.207,1.194,1.127,42.25
2020-08-06,45.04,1.197,1.205,1.127,41.93
2020-08-07,44.07,1.167,1.182,1.094,41.16
2020-08-10,44.19,1.18,1.207,1.115,41.94
2020-08-11,43.68,1.18,1.173,1.122,41.53
2020-08-12,45.09,1.189,1.223,1.119,42.6
2020-08-13,44.87,1.18,1.223,1.097,42.26
2020-08-14,44.86,1.179,1.234,1.097,42.05
2020-08-17,44.91,1.178,1.258,1.108,42.89
2020-08-18,45.34,1.19,1.27,1.123,42.89
2020-08-19,45.21,1.184,1.277,1.094,42.91
2020-08-20,44.56,1.184,1.292,1.107,42.62
2020-08-21,43.94,1.143,1.271,1.076,42.32
2020-08-24,44.43,1.186,1.365,1.11,42.44
2020-08-25,46.01,1.201,1.375,1.149,43.17
2020-08-26,45.79,1.183,1.339,1.16,43.21
2020-08-27,44.84,1.153,1.25,1.105,42.88
2020-08-28,45.22,1.164,1.284,1.117,42.96
2020-08-31,,1.141,1.239,1.104,42.61
2020-09-01,45.72,1.166,1.28,1.104,42.76
2020-09-02,42.7,1.124,1.251,1.071,42.76
2020-09-03,42.72,1.099,1.255,1.049,41.39
2020-09-04,41.1,1.088,1.221,1.041,39.69
2020-09-07,40.67,,,,
2020-09-08,38.53,1.025,1.155,0.978,36.87
2020-09-09,39.98,1.038,1.169,1.005,38.05
2020-09-10,39.27,1.012,1.139,0.959,37.25
2020-09-11,38.8,1.037,1.155,0.994,37.33
2020-09-14,38.57,1.038,1.163,0.988,37.23
2020-09-15,39.54,1.046,1.192,0.991,38.29
2020-09-16,41.23,1.064,1.251,1.004,40.17
2020-09-17,42.35,1.108,1.281,1.041,40.99
2020-09-18,42.16,1.103,1.288,1.031,41.09
2020-09-21,40.37,1.066,1.242,0.986,39.26
2020-09-22,40.84,1.046,1.226,0.956,39.55
2020-09-23,41.09,1.04,1.232,0.953,39.92
2020-09-24,41.24,1.054,1.233,0.981,40.11
2020-09-25,40.91,1.065,1.256,0.99,40.06
2020-09-28,41.59,1.081,1.291,1.005,40.47
2020-09-29,40.33,1.057,1.236,0.968,39.03
2020-09-30,40.3,1.1,1.248,1.038,40.05
2020-10-01,39.75,1.076,1.217,1.003,38.51
2020-10-02,38.0,1.043,1.187,0.96,36.9
2020-10-05,39.78,1.098,1.263,1.028,39.12
2020-10-06,41.27,1.137,1.285,1.067,40.52
2020-10-07,40.62,1.119,1.253,1.058,39.82
2020-10-08,42.0,1.148,1.283,1.087,41.04
2020-10-09,41.63,1.145,1.252,1.095,40.44
2020-10-12,40.5,1.115,1.227,1.062,39.22
2020-10-13,41.34,1.119,1.229,1.064,40.03
2020-10-14,41.81,1.15,1.248,1.092,40.86
2020-10-15,41.61,1.146,1.232,1.088,40.84
2020-10-16,41.34,1.133,1.215,1.076,40.7
2020-10-19,41.29,1.095,1.201,1.077,40.69
2020-10-20,41.62,1.112,1.225,1.082,41.37
2020-10-21,40.09,1.083,1.179,1.038,39.88
2020-10-22,41.28,1.099,1.188,1.054,40.46
2020-10-23,40.71,1.089,1.168,1.049,39.73
2020-10-26,39.06,1.069,1.141,1.024,38.39
2020-10-27,39.72,1.102,1.168,1.054,39.34
2020-10-28,37.86,1.059,1.111,1.009,37.27
2020-10-29,36.56,1.025,1.08,0.986,35.94
2020-10-30,36.33,1.021,1.078,0.987,35.64
2020-11-02,37.78,1.048,1.085,1.016,36.6
2020-11-03,38.17,1.067,1.125,1.037,37.44
2020-11-04,39.68,1.095,1.135,1.07,38.97
2020-11-05,39.47,1.092,1.145,1.074,38.56
2020-11-06,38.08,1.063,1.121,1.053,36.97
2020-11-09,40.93,1.128,1.186,1.123,40.05
2020-11-10,42.25,1.162,1.225,1.154,41.18
2020-11-11,42.5,1.155,1.212,1.145,41.23
2020-11-12,42.16,1.136,1.183,1.126,40.9
2020-11-13,41.51,1.108,1.158,1.103,39.93
2020-11-16,42.71,1.133,1.184,1.107,41.14
2020-11-17,42.54,1.144,1.19,1.106,41.24
2020-11-18,42.91,1.184,1.18,1.132,41.64
2020-11-19,43.09,1.198,1.191,1.151,41.57
2020-11-20,43.79,1.205,1.202,1.185,41.99
2020-11-23,45.0,1.226,1.225,1.189,42.91
2020-11-24,46.63,1.284,1.281,1.246,44.71
2020-11-25,47.3,1.313,1.311,1.264,45.58
2020-11-26,46.32,,,,
2020-11-27,46.88,,,,
2020-11-30,46.84,1.291,1.271,1.239,45.2
2020-12-01,47.03,1.286,1.254,1.231,44.54
2020-12-02,47.8,1.306,1.276,1.251,45.23
2020-12-03,48.37,1.31,1.288,1.295,45.65
2020-12-04,49.1,1.319,1.287,1.282,46.23
2020-12-07,48.63,1.321,1.282,1.286,45.72
2020-12-08,48.84,1.33,1.294,1.295,45.64
2020-12-09,48.81,1.319,1.312,1.281,45.48
2020-12-10,50.33,1.356,1.344,1.306,46.76
2020-12-11,50.01,1.354,1.338,1.314,46.59
2020-12-14,50.27,1.373,1.351,1.338,47.02
2020-12-15,50.77,1.374,1.355,1.346,47.58
2020-12-16,50.83,1.393,1.385,1.35,47.86
2020-12-17,51.2,1.413,1.421,1.373,48.34
2020-12-18,52.17,1.428,1.43,1.388,49.04
2020-12-21,50.61,1.388,1.387,1.35,47.79
2020-12-22,49.88,1.378,1.372,1.324,47.02
2020-12-23,51.05,1.412,1.415,1.363,47.94
2020-12-24,50.88,1.412,1.413,1.36,48.18
2020-12-28,50.88,1.392,1.396,1.343,47.5
2020-12-29,50.44,1.396,1.417,1.353,47.85
2020-12-30,50.74,1.4,1.438,1.355,48.24
2020-12-31,51.22,1.398,1.438,1.34,48.35
2021-01-04,50.37,1.364,1.402,1.312,47.47
2021-01-05,53.16,1.433,1.485,1.376,49.78
2021-01-06,53.8,1.436,1.503,1.371,50.45
2021-01-07,53.7,1.44,1.512,1.38,50.63
2021-01-08,55.51,1.484,1.576,1.424,52.14
2021-01-11,54.84,1.472,1.549,1.412,52.15
2021-01-12,55.98,1.498,1.583,1.463,53.08
2021-01-13,55.52,1.497,1.575,1.462,52.81
2021-01-14,55.76,1.531,1.596,1.473,53.47
2021-01-15,54.8,1.493,1.561,1.433,52.25
2021-01-18,54.21,,,,
2021-01-19,55.38,1.498,1.58,1.443,52.87
2021-01-20,55.66,1.495,1.578,1.442,53.16
2021-01-21,55.68,1.498,1.588,1.444,53.0
2021-01-22,55.22,1.476,1.578,1.421,52.28
2021-01-25,55.44,1.493,1.598,1.464,52.78
2021-01-26,55.26,1.487,1.611,1.409,52.61
2021-01-27,55.07,1.49,1.607,1.424,52.81
2021-01-28,54.87,1.484,1.618,1.418,52.26
2021-01-29,55.25,1.487,1.594,1.417,52.16
2021-02-01,56.42,1.535,1.628,1.454,53.55
2021-02-02,57.62,1.554,1.657,1.484,54.77
2021-02-03,58.61,1.572,1.685,1.505,55.67
2021-02-04,58.98,1.586,1.682,1.521,56.19
2021-02-05,59.48,1.59,1.672,1.527,56.8
2021-02-08,60.17,1.627,1.699,1.567,57.95
2021-02-09,60.74,1.631,1.688,1.569,58.34
2021-02-10,61.17,1.642,1.661,1.569,58.69
2021-02-11,61.09,1.631,1.667,1.554,58.22
2021-02-12,62.47,1.661,1.712,1.581,59.5
2021-02-15,63.58,,,,
2021-02-16,63.96,1.702,1.795,1.632,60.07
2021-02-17,65.02,1.729,1.831,1.659,61.09
2021-02-18,64.09,1.708,1.796,1.624,60.4
2021-02-19,62.84,1.701,1.807,1.618,59.12
2021-02-22,64.73,1.749,1.862,1.671,61.67
2021-02-23,65.16,1.789,1.895,1.717,61.66
2021-02-24,66.85,1.826,1.919,1.754,63.21
2021-02-25,66.69,1.77,1.912,1.729,63.43
2021-02-26,65.86,1.719,1.897,1.682,61.55
2021-03-01,64.56,1.698,1.869,1.645,60.54
2021-03-02,63.17,1.683,1.88,1.636,59.7
2021-03-03,64.7,1.71,1.92,1.655,61.33
2021-03-04,67.32,1.774,1.979,1.719,63.81
2021-03-05,69.95,1.806,2.05,1.769,66.08
2021-03-08,68.0,1.762,2.023,1.71,65.03
2021-03-09,67.03,1.75,2.002,1.702,64.02
2021-03-10,67.53,1.77,2.049,1.722,64.45
2021-03-11,69.34,1.815,2.119,1.76,66.02
2021-03-12,68.87,1.808,2.211,1.76,65.59
2021-03-15,68.78,1.788,2.166,1.748,65.36
2021-03-16,67.95,1.761,2.127,1.728,64.82
2021-03-17,67.73,1.731,2.077,1.686,64.55
2021-03-18,62.11,1.596,1.941,1.579,59.95
2021-03-19,64.0,1.672,1.89,1.622,61.43
2021-03-22,63.89,1.68,1.908,1.633,61.48
2021-03-23,59.96,1.587,1.85,1.54,57.75
2021-03-24,63.7,1.665,1.961,1.645,61.12
2021-03-25,61.21,1.593,1.898,1.573,58.47
2021-03-26,63.77,1.645,1.925,1.604,60.93
2021-03-29,64.06,1.65,1.961,1.61,61.49
2021-03-30,63.28,1.637,1.94,1.588,60.55
2021-03-31,63.52,1.621,1.938,1.571,59.19
2021-04-01,63.85,1.674,1.997,1.624,61.41
2021-04-05,,1.624,1.94,1.582,58.73
2021-04-06,61.47,1.649,1.953,1.596,59.34
2021-04-07,61.86,1.657,1.93,1.604,59.77
2021-04-08,62.09,1.66,1.947,1.61,59.61
2021-04-09,61.89,1.655,1.956,1.805,59.29
2021-04-12,62.38,1.659,1.96,1.623,59.7
2021-04-13,62.83,1.665,1.97,1.632,60.2
2021-04-14,66.11,1.728,2.018,1.696,63.15
2021-04-15,66.13,1.745,2.04,1.71,63.42
2021-04-16,65.98,1.739,2.029,1.699,63.16
2021-04-19,66.54,1.743,2.029,1.701,63.33
2021-04-20,65.34,1.722,2.0,1.682,62.61
2021-04-21,64.02,1.69,1.946,1.644,61.34
2021-04-22,65.07,1.704,1.953,1.661,61.45
2021-04-23,65.75,1.714,1.967,1.67,62.18
2021-04-26,65.5,1.718,1.946,1.673,62.02
2021-04-27,66.25,1.748,1.995,1.703,63.03
2021-04-28,67.08,1.769,2.036,1.724,63.81
2021-04-29,68.26,1.788,2.081,1.729,65.0
2021-04-30,67.73,1.741,2.055,1.689,63.5
2021-05-03,,1.772,2.093,1.722,64.46
2021-05-04,68.91,1.825,2.147,1.762,65.72
2021-05-05,69.71,1.818,2.132,1.755,65.63
2021-05-06,68.62,1.819,2.107,1.749,64.73
2021-05-07,68.73,1.828,2.121,1.75,64.96
2021-05-10,68.61,1.837,2.118,1.749,64.92
2021-05-11,68.83,1.86,2.137,1.77,65.31
2021-05-12,69.62,1.885,2.172,1.81,65.96
2021-05-13,67.36,1.811,2.098,1.736,63.82
2021-05-14,69.24,1.853,2.151,1.775,65.32
2021-05-17,69.62,1.877,2.175,1.777,66.24
2021-05-18,69.01,1.864,2.175,1.772,65.49
2021-05-19,66.88,1.816,2.097,1.738,63.28
2021-05-20,65.18,1.767,2.021,1.672,61.95
2021-05-21,66.72,1.804,2.056,1.699,63.61
2021-05-24,68.59,1.844,2.093,1.765,66.13
2021-05-25,68.8,1.828,2.084,1.75,66.27
2021-05-26,68.93,1.857,2.119,1.763,66.41
2021-05-27,69.43,1.868,2.122,1.773,66.87
2021-05-28,69.36,1.849,2.11,1.759,66.31
2021-06-01,70.03,1.887,2.145,1.797,67.8
2021-06-02,70.6,1.886,2.153,1.823,68.79
2021-06-03,70.71,1.883,2.161,1.818,68.81
2021-06-04,71.3,1.893,2.164,1.828,69.57
2021-06-07,70.89,1.894,2.155,1.829,69.21
2021-06-08,71.39,1.919,2.186,1.854,70.11
2021-06-09,71.31,1.904,2.157,1.819,69.9
2021-06-10,71.65,1.914,2.169,1.841,70.34
2021-06-11,72.05,1.89,2.143,1.822,71.0
2021-06-14,72.27,1.885,2.138,1.847,70.94
2021-06-15,73.38,1.895,2.135,1.855,72.06
2021-06-16,73.88,1.874,2.105,1.834,72.03
2021-06-17,72.92,1.851,2.096,1.826,71.06
2021-06-18,73.1,1.873,2.129,1.863,71.64
2021-06-21,74.49,1.909,2.157,1.899,73.64
2021-06-22,74.92,1.938,2.19,1.933,73.15
2021-06-23,75.22,1.989,2.241,1.939,73.11
2021-06-24,75.95,1.996,2.233,1.903,73.31
2021-06-25,76.45,1.955,2.217,1.882,74.21
2021-06-28,74.78,1.928,2.175,1.876,72.98
2021-06-29,75.38,1.942,2.211,1.884,73.14
2021-06-30,76.94,1.936,2.209,1.883,73.52
2021-07-01,76.69,1.957,2.232,1.897,75.33
2021-07-02,77.51,1.989,2.276,1.934,75.37
2021-07-05,78.34,,,,
2021-07-06,75.81,1.93,2.209,1.87,73.62
2021-07-07,74.31,1.897,2.176,1.837,72.22
2021-07-08,75.07,1.938,2.234,1.878,72.98
2021-07-09,77.14,1.962,2.261,1.902,74.56
2021-07-12,76.77,1.98,2.265,1.923,74.21
2021-07-13,77.5,2.009,2.302,1.954,75.24
2021-07-14,75.74,1.964,2.288,1.904,73.06
2021-07-15,74.53,1.929,2.244,1.864,71.67
2021-07-16,74.46,1.928,2.243,1.865,71.76
2021-07-19,69.33,1.81,2.112,1.747,66.45
2021-07-20,70.03,1.839,2.139,1.846,67.32
2021-07-21,72.54,1.906,2.215,1.839,70.26
2021-07-22,74.25,1.949,2.264,1.886,72.15
2021-07-23,74.86,1.955,2.292,1.89,72.24
2021-07-26,74.79,1.978,2.319,1.913,72.15
2021-07-27,74.87,1.963,2.316,1.899,71.68
2021-07-28,75.09,1.968,2.305,1.901,72.37
2021-07-29,76.3,2.006,2.352,1.94,73.62
2021-07-30,77.72,2.031,2.359,1.936,73.93
2021-08-02,73.91,1.982,2.283,1.887,71.31
2021-08-03,73.24,1.936,2.292,1.858,70.64
2021-08-04,70.99,1.881,2.258,1.789,68.19
2021-08-05,72.14,1.913,2.312,1.821,69.1
2021-08-06,71.02,1.884,2.265,1.804,68.26
2021-08-09,69.65,1.851,2.26,1.791,66.56
2021-08-10,71.14,1.883,2.284,1.816,68.33
2021-08-11,71.99,1.908,2.324,1.843,69.3
2021-08-12,71.79,1.898,2.289,1.838,69.12
2021-08-13,70.9,1.863,2.263,1.806,68.36
2021-08-16,70.07,1.85,2.219,1.795,67.44
2021-08-17,69.4,1.837,2.18,1.782,66.5
2021-08-18,68.61,1.797,2.12,1.742,65.36
2021-08-19,66.8,1.767,2.082,1.71,63.69
2021-08-20,65.51,1.695,2.008,1.645,62.25
2021-08-23,69.07,1.794,2.113,1.769,65.65
2021-08-24,71.21,1.864,2.174,1.842,67.5
2021-08-25,72.12,1.94,2.291,1.88,68.54
2021-08-26,70.42,1.906,2.261,1.842,67.42
2021-08-27,72.26,1.931,2.285,1.879,68.84
2021-08-30,,1.963,2.32,1.918,69.28
2021-08-31,73.45,1.972,2.293,1.921,68.43
2021-09-01,71.99,1.96,2.298,1.907,68.63
2021-09-02,73.56,1.999,2.347,1.942,70.07
2021-09-03,73.07,1.997,2.339,1.949,69.34
2021-09-06,72.43,,,,
2021-09-07,71.52,1.962,2.28,1.907,68.49
2021-09-08,72.36,1.974,2.292,1.916,69.36
2021-09-09,71.32,1.951,2.269,1.893,68.26
2021-09-10,72.44,1.98,2.307,1.922,69.82
2021-09-13,72.97,2.0,2.299,1.955,70.54
2021-09-14,73.05,2.002,2.307,1.965,70.53
2021-09-15,74.84,2.045,2.318,2.015,72.59
2021-09-16,75.14,2.052,2.299,2.022,72.69
2021-09-17,74.64,2.046,2.29,2.021,72.09
2021-09-20,73.59,2.01,2.23,1.972,70.41
2021-09-21,73.65,2.044,2.218,1.989,70.51
2021-09-22,75.5,2.07,2.219,2.015,72.37
2021-09-23,76.44,2.113,2.262,2.053,73.43
2021-09-24,77.42,2.135,2.263,2.08,74.18
2021-09-27,78.85,2.18,2.279,2.115,75.54
2021-09-28,78.3,2.166,2.254,2.105,75.44
2021-09-29,77.86,2.199,2.282,2.124,75.06
2021-09-30,77.81,2.231,2.309,2.201,75.22
2021-10-01,79.4,2.266,2.346,2.168,76.01
2021-10-04,81.44,2.324,2.412,2.284,77.68
2021-10-05,82.72,2.363,2.426,2.278,79.17
2021-10-06,81.39,2.298,2.378,2.22,77.66
2021-10-07,82.34,2.329,2.413,2.257,78.46
2021-10-08,82.17,2.338,2.44,2.263,79.55
2021-10-11,83.75,2.394,2.477,2.309,80.64
2021-10-12,83.53,2.384,2.464,2.299,80.75
2021-10-13,83.53,2.399,2.486,2.314,80.67
2021-10-14,83.86,2.446,2.508,2.361,81.43
2021-10-15,84.67,2.435,2.574,2.36,82.39
2021-10-18,84.13,2.405,2.575,2.305,82.62
2021-10-19,85.02,2.42,2.557,2.322,83.19
2021-10-20,85.76,2.451,2.589,2.353,84.4
2021-10-21,84.58,2.417,2.544,2.314,82.64
2021-10-22,85.43,2.414,2.571,2.312,84.53
2021-10-25,84.85,2.429,2.591,2.326,84.64
2021-10-26,85.11,2.436,2.591,2.339,85.64
2021-10-27,84.12,2.368,2.508,2.271,82.66
2021-10-28,83.4,2.363,2.518,2.278,82.78
2021-10-29,83.1,2.342,2.537,2.285,83.5
2021-11-01,84.51,2.364,2.494,2.301,84.08
2021-11-02,84.42,2.405,2.596,2.3,83.91
2021-11-03,81.1,2.326,2.487,2.221,80.82
2021-11-04,80.15,2.275,2.442,2.212,78.88
2021-11-05,82.43,2.315,2.458,2.253,81.25
2021-11-08,83.22,2.338,2.437,2.273,81.96
2021-11-09,84.52,2.369,2.48,2.319,84.12
2021-11-10,82.91,2.308,2.4,2.258,81.23
2021-11-11,83.4,2.298,2.416,2.245,81.47
2021-11-12,82.9,2.266,2.415,2.214,80.87
2021-11-15,81.94,2.27,2.424,2.21,80.85
2021-11-16,82.85,2.296,2.438,2.239,80.76
2021-11-17,80.67,2.232,2.363,2.175,78.32
2021-11-18,82.45,2.247,2.378,2.187,78.92
2021-11-19,80.24,2.15,2.288,2.09,76.11
2021-11-22,80.97,2.183,2.33,2.123,76.74
2021-11-23,83.43,2.252,2.414,2.195,78.32
2021-11-24,82.37,2.234,2.385,2.198,78.32
2021-11-25,82.05,,,,
2021-11-26,72.37,,,,
2021-11-29,73.34,2.004,2.13,1.965,69.88
2021-11-30,70.86,1.921,2.028,1.882,66.14
2021-12-01,69.53,1.928,1.992,1.88,65.44
2021-12-02,70.56,1.973,2.07,1.93,66.6
2021-12-03,70.71,1.958,2.037,1.935,66.39
2021-12-06,73.38,2.04,2.136,2.035,69.62
2021-12-07,75.54,2.093,2.193,2.088,71.94
2021-12-08,75.94,2.132,2.235,2.127,72.43
2021-12-09,74.1,2.095,2.193,2.103,70.87
2021-12-10,74.98,2.118,2.225,2.125,71.71
2021-12-13,74.12,2.095,2.206,2.103,71.19
2021-12-14,73.37,2.066,2.184,2.076,70.57
2021-12-15,73.71,2.093,2.225,2.098,70.89
2021-12-16,74.64,2.102,2.233,2.112,72.34
2021-12-17,72.97,2.065,2.208,2.075,70.93
2021-12-20,70.51,2.07,2.149,2.02,68.69
2021-12-21,72.85,2.144,2.207,2.094,71.1
2021-12-22,74.69,2.192,2.222,2.142,72.82
2021-12-23,76.26,2.212,2.257,2.172,73.89
2021-12-24,75.24,,,,
2021-12-27,,2.24,2.283,2.192,75.49
2021-12-28,,2.253,2.293,2.205,76.01
2021-12-29,78.63,2.259,2.317,2.209,76.58
2021-12-30,78.61,2.263,2.322,2.213,76.83
2021-12-31,77.24,2.211,2.274,2.161,75.33
2022-01-03,78.25,2.245,2.302,2.195,75.99
2022-01-04,79.39,2.279,2.314,2.247,77.0
2022-01-05,80.6,2.295,2.312,2.263,77.83
2022-01-06,81.99,2.347,2.346,2.315,79.47
2022-01-07,82.28,2.374,2.346,2.329,79.0
2022-01-10,81.56,2.366,2.323,2.351,78.11
2022-01-11,84.98,2.444,2.401,2.429,81.17
2022-01-12,85.83,2.472,2.439,2.444,82.51
2022-01-13,85.8,2.471,2.417,2.444,81.97
2022-01-14,87.17,2.513,2.473,2.486,83.82
2022-01-17,87.82,,,,
2022-01-18,88.83,2.565,2.5,2.558,85.42
2022-01-19,89.64,2.547,2.497,2.54,86.84
2022-01-20,89.75,2.514,2.476,2.484,86.29
2022-01-21,89.75,2.551,2.486,2.519,85.16
2022-01-24,87.74,2.521,2.465,2.467,84.48
2022-01-25,89.49,2.539,2.498,2.459,86.61
2022-01-26,91.22,2.611,2.568,2.564,88.33
2022-01-27,90.7,2.701,2.61,2.653,87.61
2022-01-28,91.47,2.655,2.605,2.593,87.67
2022-01-31,92.35,2.607,2.607,2.58,89.16
2022-02-01,90.24,2.648,2.634,2.578,88.22
2022-02-02,91.43,2.665,2.655,2.595,88.16
2022-02-03,92.99,2.747,2.701,2.652,90.17
2022-02-04,96.86,2.776,2.726,2.681,92.27
2022-02-07,97.28,2.777,2.755,2.732,91.25
2022-02-08,96.07,2.727,2.694,2.684,89.32
2022-02-09,94.95,2.757,2.725,2.707,89.57
2022-02-10,96.37,2.747,2.722,2.687,89.83
2022-02-11,97.5,2.86,2.812,2.8,93.1
2022-02-14,101.66,2.884,2.824,2.789,95.52
2022-02-15,98.43,2.782,2.729,2.685,92.07
2022-02-16,97.44,2.683,2.655,2.61,93.83
2022-02-17,95.28,2.674,2.713,2.584,91.78
2022-02-18,96.18,2.659,2.743,2.599,91.26
2022-02-21,98.95,,,,
2022-02-22,98.73,2.647,2.74,2.627,92.11
2022-02-23,99.29,2.671,2.778,2.671,92.14
2022-02-24,101.29,2.741,2.825,2.721,92.77
2022-02-25,98.56,2.702,2.782,2.692,91.68
2022-02-28,103.08,2.853,2.826,2.856,96.13
2022-03-01,110.93,3.135,3.172,3.04,103.66
2022-03-02,118.94,3.485,3.246,3.383,110.74
2022-03-03,115.36,3.462,3.183,3.317,107.69
2022-03-04,123.86,3.735,3.414,3.588,115.77
2022-03-07,129.02,3.944,3.48,3.712,119.26
2022-03-08,133.18,4.47,3.595,4.1,123.64
2022-03-09,116.58,3.576,3.221,3.198,108.81
2022-03-10,114.54,3.329,3.039,3.117,105.93
2022-03-11,118.11,3.438,3.199,3.246,109.31
2022-03-14,110.39,3.27,3.056,3.07,103.22
2022-03-15,105.14,3.008,2.851,2.826,96.42
2022-03-16,104.61,3.119,2.862,2.954,94.85
2022-03-17,113.5,3.485,3.098,3.29,102.97
2022-03-18,114.32,3.634,3.133,3.372,104.69
2022-03-21,122.29,3.828,3.269,3.626,112.14
2022-03-22,121.53,3.83,3.208,3.588,111.03
2022-03-23,127.52,4.09,3.325,3.842,114.89
2022-03-24,123.98,4.157,3.25,3.962,114.2
2022-03-25,122.67,4.045,3.318,3.825,116.2
2022-03-28,114.5,3.701,3.041,3.481,107.55
2022-03-29,112.79,3.646,3.037,4.011,104.25
2022-03-30,115.59,3.67,3.12,4.0,107.81
2022-03-31,107.29,3.548,3.107,3.835,100.53
2022-04-01,106.13,3.338,3.071,3.625,99.32
2022-04-04,108.15,3.753,3.202,3.811,103.29
2022-04-05,106.6,3.554,3.125,3.629,101.98
2022-04-06,100.81,3.476,3.059,3.591,96.39
2022-04-07,99.83,3.412,3.032,3.367,96.05
2022-04-08,101.26,3.451,3.106,3.406,98.35
2022-04-11,97.92,3.403,2.998,3.343,94.22
2022-04-12,104.42,3.592,3.151,3.502,100.52
2022-04-13,108.49,3.854,3.279,3.724,104.26
2022-04-14,110.83,3.971,3.315,3.848,106.84
2022-04-18,,3.991,3.303,3.848,108.24
2022-04-19,105.49,3.966,3.038,3.799,102.54
2022-04-20,105.05,4.071,3.085,3.903,102.56
2022-04-21,107.2,4.033,3.111,3.865,103.89
2022-04-22,105.15,4.049,3.067,3.881,102.86
2022-04-25,99.27,4.217,3.231,4.227,99.6
2022-04-26,102.89,4.51,3.347,4.52,102.62
2022-04-27,103.3,4.804,3.434,4.789,101.96
2022-04-28,105.78,5.071,3.463,5.066,105.47
2022-04-29,108.36,4.529,3.433,4.529,104.59
2022-05-02,,5.061,3.494,4.466,105.18
2022-05-03,104.94,4.883,3.525,4.203,102.53
2022-05-04,110.53,4.909,3.697,4.326,107.84
2022-05-05,112.11,4.863,3.698,4.18,108.17
2022-05-06,113.86,4.655,3.85,4.155,109.72
2022-05-09,106.67,4.658,3.648,3.961,103.08
2022-05-10,102.61,4.703,3.558,4.123,99.74
2022-05-11,107.7,4.934,3.7,4.094,105.5
2022-05-12,108.06,4.922,3.832,4.009,106.15
2022-05-13,112.12,4.934,3.988,4.021,110.52
2022-05-16,114.86,5.152,4.06,3.827,114.07
2022-05-17,112.89,5.04,4.003,3.645,112.31
2022-05-18,110.04,4.277,3.784,3.472,109.67
2022-05-19,113.22,3.949,3.892,3.564,112.21
2022-05-20,113.63,3.934,3.918,3.504,112.63
2022-05-23,115.13,3.894,3.857,3.517,110.32
2022-05-24,115.77,3.911,3.849,3.636,112.55
2022-05-25,116.41,3.994,3.898,3.741,112.88
2022-05-26,119.81,3.961,3.927,3.823,116.19
2022-05-27,121.19,3.902,4.102,3.852,114.96
2022-05-30,123.01,,,,
2022-05-31,125.53,3.909,4.11,3.815,114.38
2022-06-01,122.2,4.153,4.282,3.933,115.26
2022-06-02,,4.217,4.442,4.052,116.88
2022-06-03,125.68,4.282,4.509,4.104,118.97
2022-06-06,124.99,4.319,4.44,4.152,118.41
2022-06-07,126.89,4.251,4.307,4.086,119.55
2022-06-08,129.2,4.245,4.384,4.08,121.94
2022-06-09,128.47,4.383,4.304,4.213,121.52
2022-06-10,127.44,4.33,4.205,4.172,120.73
2022-06-13,128.44,4.227,4.068,4.079,120.92
2022-06-14,127.02,4.319,4.052,4.201,118.92
2022-06-15,124.96,4.446,3.945,4.319,115.32
2022-06-16,125.78,4.513,3.966,4.401,117.56
2022-06-17,119.22,4.315,3.888,4.21,109.56
2022-06-20,118.25,,,,
2022-06-21,118.51,4.315,3.888,4.21,110.49
2022-06-22,115.54,4.292,3.855,4.192,106.22
2022-06-23,114.5,4.254,3.836,4.066,105.75
2022-06-24,117.36,4.296,3.966,4.253,109.07
2022-06-27,119.69,4.178,3.927,4.133,111.44
2022-06-28,122.21,4.095,3.96,4.04,113.66
2022-06-29,120.8,3.927,3.813,3.872,111.65
2022-06-30,119.78,3.818,3.679,3.753,107.76
2022-07-01,119.21,3.856,3.812,3.779,110.3
2022-07-04,121.8,,,,
2022-07-05,110.49,3.473,3.492,3.411,101.55
2022-07-06,108.54,3.313,3.393,3.246,100.31
2022-07-07,113.4,3.568,3.597,3.5,104.62
2022-07-08,113.95,3.586,3.645,3.524,106.78
2022-07-11,114.85,3.67,3.643,3.607,106.09
2022-07-12,106.98,3.551,3.468,3.518,97.69
2022-07-13,107.17,3.589,3.439,3.582,98.44
2022-07-14,107.74,3.585,3.394,3.538,97.79
2022-07-15,112.26,3.622,3.419,3.542,99.59
2022-07-18,117.27,3.545,3.472,3.465,104.48
2022-07-19,114.96,3.545,3.518,3.445,106.12
2022-07-20,115.86,3.522,3.466,3.404,104.45
2022-07-21,112.81,3.497,3.229,3.379,98.44
2022-07-22,106.77,3.429,3.346,3.334,97.71
2022-07-25,108.23,3.433,3.446,3.343,99.83
2022-07-26,107.32,3.496,3.425,3.436,97.74
2022-07-27,109.64,3.645,3.521,3.585,100.03
2022-07-28,109.68,3.603,3.56,3.521,99.11
2022-07-29,111.51,3.517,3.391,3.402,101.31
2022-08-01,106.09,3.427,3.373,3.245,96.59
2022-08-02,106.51,3.345,3.25,3.18,97.14
2022-08-03,101.82,3.33,3.198,3.19,93.25
2022-08-04,97.99,3.203,3.049,3.063,91.29
2022-08-05,100.31,3.08,3.132,2.968,91.77
2022-08-08,103.46,3.056,3.166,2.941,93.52
2022-08-09,103.81,3.215,3.26,3.078,93.18
2022-08-10,105.06,3.208,3.136,3.213,94.68
2022-08-11,107.19,3.272,3.144,3.267,97.02
2022-08-12,103.7,3.299,3.117,3.259,94.86
2022-08-15,98.25,3.292,3.033,3.21,92.24
2022-08-16,95.36,3.306,2.983,3.211,89.23
2022-08-17,97.22,3.434,3.014,3.319,90.85
2022-08-18,96.35,3.474,3.067,3.367,93.2
2022-08-19,96.45,3.516,3.028,3.416,93.55
2022-08-22,95.06,3.597,2.92,3.489,93.42
2022-08-23,99.49,3.661,2.958,3.554,96.46
2022-08-24,99.87,3.854,2.847,3.766,95.52
2022-08-25,98.81,3.769,2.842,3.691,93.33
2022-08-26,101.13,3.823,2.874,3.753,93.63
2022-08-29,,3.738,2.912,3.651,97.4
2022-08-30,99.34,3.634,2.719,3.547,92.08
2022-08-31,96.55,3.517,2.598,3.422,90.09
2022-09-01,92.24,3.405,2.552,3.27,87.09
2022-09-02,93.09,3.482,2.624,3.354,87.29
2022-09-05,94.22,,,,
2022-09-06,91.43,3.433,2.594,3.306,87.35
2022-09-07,86.83,3.428,2.566,3.318,82.5
2022-09-08,87.99,3.402,2.583,3.309,84.04
2022-09-09,91.68,3.436,2.672,3.349,87.27
2022-09-12,93.45,3.465,2.717,3.38,88.18
2022-09-13,92.04,3.413,2.728,3.328,87.84
2022-09-14,92.83,3.243,2.778,3.145,88.88
2022-09-15,89.28,3.081,2.673,2.968,85.72
2022-09-16,89.43,3.039,2.621,2.942,85.57
2022-09-19,,3.138,2.666,3.056,86.15
2022-09-20,89.62,3.189,2.596,3.192,84.69
2022-09-21,89.86,3.158,2.593,3.2,83.38
2022-09-22,90.4,3.23,2.653,3.25,84.02
2022-09-23,84.29,3.075,2.538,3.112,79.07
2022-09-26,82.55,2.965,2.418,3.052,77.17
2022-09-27,85.97,3.079,2.716,3.244,78.91
2022-09-28,89.55,3.275,2.781,3.443,82.61
2022-09-29,89.41,3.229,2.73,3.752,81.78
2022-09-30,88.9,3.24,2.692,3.522,79.91
2022-10-03,90.68,3.342,2.838,3.322,84.05
2022-10-04,93.74,3.49,2.976,3.44,86.87
2022-10-05,94.35,3.753,2.982,3.641,88.22
2022-10-06,95.65,3.93,3.018,3.803,88.9
2022-10-07,98.88,4.068,3.077,3.928,93.07
2022-10-10,97.13,,,,91.6
2022-10-11,95.17,4.088,2.882,3.627,89.75
2022-10-12,93.44,4.078,2.915,3.623,87.83
2022-10-13,95.16,4.45,2.942,3.81,89.59
2022-10-14,92.22,4.537,2.983,3.647,86.1
2022-10-17,91.04,4.644,2.868,3.711,86.0
2022-10-18,89.46,4.534,2.87,3.504,83.29
2022-10-19,91.34,4.402,2.955,3.407,86.0
2022-10-20,91.52,4.152,2.956,3.282,86.02
2022-10-21,91.82,4.144,2.949,3.389,85.47
2022-10-24,91.57,4.122,3.049,3.749,86.12
2022-10-26,92.93,4.23,3.226,4.013,89.39
2022-10-27,94.17,4.419,3.293,4.099,89.06
2022-10-28,94.64,4.54,3.152,4.365,87.85
2022-10-31,93.3,4.293,3.127,4.183,86.54
2022-11-01,95.12,4.002,3.095,3.309,88.36
2022-11-02,96.07,3.483,2.992,3.371,90.06
2022-11-03,95.29,4.458,3.186,3.605,88.14
2022-11-04,99.53,4.551,3.232,3.596,92.58
2022-11-07,99.87,4.474,3.159,3.449,91.8
2022-11-08,96.85,4.468,3.131,3.368,88.8
2022-11-09,93.05,4.349,3.022,3.179,85.79
2022-11-10,94.25,4.286,3.04,3.096,86.52
2022-11-11,96.37,,,,89.14
2022-11-14,93.59,4.241,2.928,3.141,85.85
2022-11-15,94.3,4.335,2.93,3.242,86.87
2022-11-16,92.61,3.824,2.776,3.232,85.62
2022-11-17,91.0,3.609,2.732,3.137,81.69
2022-11-18,88.93,3.6,2.692,3.145,80.07
2022-11-21,88.44,3.365,2.712,3.125,79.74
2022-11-22,88.65,3.48,2.729,3.035,80.83
2022-11-23,85.9,3.363,2.653,2.873,77.93
2022-11-24,85.59,,,,
2022-11-25,83.4,3.289,2.553,2.799,76.45
2022-11-28,83.5,2.968,2.506,2.72,77.1
2022-11-29,83.22,3.097,2.53,2.85,77.96
2022-11-30,85.61,3.182,2.441,2.935,80.48
2022-12-01,86.28,3.091,2.575,2.851,81.06
2022-12-02,86.54,2.995,2.531,2.8,79.86
2022-12-05,83.36,2.816,2.453,2.628,76.83
2022-12-06,79.92,2.73,2.389,2.56,74.21
2022-12-07,77.11,2.608,2.328,2.438,71.93
2022-12-08,76.02,2.683,2.159,2.648,71.3
2022-12-09,76.37,2.623,2.162,2.588,71.05
2022-12-12,78.0,2.748,2.186,2.733,72.96
2022-12-14,83.33,3.065,2.35,3.05,77.14
2022-12-15,82.34,3.085,2.277,3.035,75.89
2022-12-16,80.2,2.933,2.237,2.883,74.19
2022-12-19,81.66,2.892,2.275,2.802,75.05
2022-12-20,79.45,2.864,2.315,2.756,75.92
2022-12-21,80.25,2.988,2.357,2.916,78.17
2022-12-22,79.58,2.957,2.363,2.935,77.68
2022-12-23,82.45,3.071,2.464,3.049,79.57
2022-12-27,,3.187,2.468,3.29,79.45
2022-12-28,81.7,3.173,2.448,3.308,78.89
2022-12-29,80.96,3.15,2.474,3.355,78.43
2022-12-30,82.82,3.128,2.617,3.333,80.16
2023-01-03,80.36,2.959,2.483,3.107,76.87
2023-01-04,75.31,2.865,2.393,3.078,72.82
2023-01-05,76.73,2.858,2.392,3.091,73.61
2023-01-06,76.41,2.899,2.382,3.191,73.77
2023-01-09,77.5,2.92,2.413,3.4,74.69
2023-01-10,78.4,2.988,2.422,3.315,75.11
2023-01-11,81.11,3.066,2.547,3.471,77.46
2023-01-12,82.59,3.108,2.558,3.503,78.32
2023-01-13,83.43,3.149,2.636,3.817,79.9
2023-01-16,82.65,,,,
2023-01-17,84.38,3.149,2.667,3.567,80.25
2023-01-18,83.78,3.141,2.63,3.558,79.53
2023-01-19,85.08,3.233,2.701,3.603,80.31
2023-01-20,86.96,3.306,2.732,3.916,81.27
2023-01-23,87.54,3.412,2.779,3.839,81.62
2023-01-24,85.25,3.307,2.749,3.735,79.86
2023-01-25,85.08,3.166,2.684,3.796,79.78
2023-01-26,86.29,3.202,2.727,3.992,80.64
2023-01-27,85.36,3.065,2.692,3.788,79.73
2023-01-30,84.9,2.907,2.605,3.63,77.97
2023-01-31,83.42,3.0,2.662,3.437,78.95
2023-02-01,81.61,2.815,2.56,2.965,76.34
2023-02-02,80.57,2.758,2.554,2.753,75.87
2023-02-03,78.85,2.63,2.457,2.577,73.4
2023-02-06,80.48,2.62,2.519,2.69,74.11
2023-02-07,82.92,2.746,2.601,2.879,77.17
2023-02-08,84.17,2.729,2.601,2.886,78.47
2023-02-09,83.46,2.647,2.579,2.802,78.04
2023-02-10,85.46,2.684,2.631,2.796,79.74
2023-02-13,85.98,2.697,2.644,2.807,80.14
2023-02-14,84.96,2.73,2.614,2.843,79.08
2023-02-15,84.11,2.648,2.623,2.693,78.57
2023-02-16,83.84,2.578,2.511,2.628,78.45
2023-02-17,81.97,2.526,2.497,2.541,76.31
2023-02-20,82.79,,,,
2023-02-21,82.14,2.585,2.495,2.6,76.28
2023-02-22,79.55,2.495,2.413,2.78,73.95
2023-02-23,82.08,2.514,2.449,2.766,75.26
2023-02-24,82.31,2.595,2.423,2.957,76.19
2023-02-27,81.24,2.617,2.444,3.069,75.57
2023-02-28,83.21,2.638,2.5,2.973,76.88
2023-03-01,83.68,2.681,2.571,3.016,77.57
2023-03-02,84.15,2.696,2.593,2.911,78.05
2023-03-03,85.74,2.74,2.651,2.987,79.62
2023-03-06,85.86,2.737,2.644,2.929,80.39
2023-03-08,82.1,2.603,2.531,2.8,76.56
2023-03-09,81.0,2.509,2.446,2.729,75.6
2023-03-10,82.3,2.618,2.505,2.778,76.55
2023-03-13,79.67,2.613,2.462,2.773,74.68
2023-03-14,76.77,2.572,2.416,2.644,71.18
2023-03-15,74.3,2.457,2.328,2.529,67.38
2023-03-16,73.12,2.494,2.359,2.566,68.15
2023-03-17,71.03,2.53,2.347,2.5,66.61
2023-03-20,72.42,2.535,2.384,2.497,67.56
2023-03-21,74.78,2.537,2.495,2.502,69.4
2023-03-22,76.08,2.555,2.525,2.507,70.71
2023-03-23,74.31,2.502,2.535,2.477,69.77
2023-03-24,73.63,2.54,2.523,2.528,69.22
2023-03-27,76.8,2.601,2.61,2.726,72.87
2023-03-28,78.07,2.598,2.623,2.695,73.12
2023-03-29,77.51,2.472,2.574,2.577,72.95
2023-03-30,78.45,2.459,2.573,2.566,74.32
2023-03-31,79.19,2.434,2.596,2.541,75.68
2023-04-03,85.81,2.543,2.729,2.573,80.4
2023-04-04,85.7,2.551,2.814,2.581,80.7
2023-04-05,85.89,2.603,2.885,2.588,80.69
2023-04-06,86.56,2.542,2.87,2.517,80.7
2023-04-10,,2.552,2.885,2.53,79.79
2023-04-11,87.32,2.526,2.931,2.506,81.54
2023-04-12,88.31,2.558,2.94,2.533,83.26
2023-04-13,86.51,2.556,2.878,2.506,82.16
2023-04-14,87.31,2.495,2.901,2.413,82.58
2023-04-17,85.63,2.486,2.843,2.363,80.93
2023-04-18,85.48,2.43,2.778,2.31,80.85
2023-04-19,85.34,2.386,2.679,2.288,79.18
2023-04-20,83.29,2.313,2.623,2.233,77.27
2023-04-21,83.36,2.316,2.639,2.246,77.86
2023-04-24,84.23,2.344,2.668,2.274,78.64
2023-04-25,82.13,2.271,2.629,2.201,77.05
2023-04-26,79.19,2.192,2.593,2.142,74.33
2023-04-27,80.11,2.182,2.615,2.142,74.77
2023-04-28,81.32,2.201,2.641,2.159,76.78
2023-05-01,,2.211,2.632,2.169,75.65
2023-05-02,76.71,2.122,2.511,2.102,71.71
2023-05-03,72.91,2.044,2.386,2.044,68.62
2023-05-04,73.0,2.065,2.399,2.05,68.52
2023-05-05,75.85,2.15,2.458,2.15,71.32
2023-05-08,,2.208,2.523,2.213,73.13
2023-05-09,77.76,2.228,2.552,2.233,73.68
2023-05-10,76.7,2.234,2.554,2.254,72.53
2023-05-11,75.32,2.195,2.527,2.215,70.81
2023-05-12,74.54,2.138,2.489,2.153,70.02
2023-05-15,75.46,2.213,2.52,2.218,71.07
2023-05-16,75.15,2.19,2.516,2.183,70.85
2023-05-17,76.98,2.256,2.605,2.251,72.78
2023-05-18,75.75,2.238,2.61,2.238,71.82
2023-05-19,75.42,2.199,2.598,2.194,71.57
2023-05-22,75.77,2.208,2.676,2.201,71.81
2023-05-23,76.66,2.206,2.702,2.169,72.87
2023-05-24,77.99,2.245,2.74,2.225,74.37
2023-05-25,75.66,2.184,2.69,2.151,71.68
2023-05-26,76.33,2.216,2.715,2.184,72.35
2023-05-30,73.38,2.13,2.605,2.11,69.45
2023-05-31,71.98,2.096,2.536,2.091,68.11
2023-06-01,74.18,2.16,2.663,2.165,70.09
2023-06-02,76.0,2.211,2.73,2.219,71.76
2023-06-05,76.61,2.212,2.715,2.225,72.14
2023-06-06,76.22,2.206,2.742,2.238,71.71
2023-06-07,76.85,2.259,2.833,2.309,72.52
2023-06-08,75.88,2.232,2.793,2.282,71.28
2023-06-09,74.74,2.215,2.788,2.248,70.16
2023-06-12,71.8,2.171,2.681,2.171,67.08
2023-06-13,74.24,2.256,2.731,2.253,69.39
2023-06-14,73.39,2.225,2.636,2.187,68.22
2023-06-15,75.75,2.342,2.714,2.295,70.61
2023-06-16,76.76,2.413,2.742,2.366,71.81
2023-06-19,76.09,,,,
2023-06-20,75.79,2.342,2.662,2.264,70.94
2023-06-21,76.92,2.435,2.586,2.392,72.55
2023-06-22,73.93,2.339,2.523,2.296,69.22
2023-06-23,73.56,2.287,2.502,2.209,68.91
2023-06-26,73.86,2.327,2.521,2.253,69.09
2023-06-27,71.88,2.288,2.519,2.209,67.68
2023-06-28,73.64,2.281,2.568,2.204,69.54
2023-06-29,73.86,2.298,2.579,2.216,69.85
2023-06-30,74.51,2.331,2.614,2.246,70.66
2023-07-03,74.52,2.269,2.451,2.207,69.71
2023-07-04,76.23,,,,
2023-07-05,76.74,2.369,2.575,2.314,71.78
2023-07-06,76.72,2.354,2.567,2.314,71.76
2023-07-07,78.77,2.4,2.612,2.372,73.91
2023-07-10,77.83,2.393,2.604,2.371,73.05
2023-07-11,79.54,2.417,2.658,2.394,74.87
2023-07-12,80.35,2.446,2.709,2.423,75.77
2023-07-13,81.31,2.441,2.689,2.416,76.86
2023-07-14,79.9,2.415,2.583,2.393,75.44
2023-07-17,77.8,2.381,2.584,2.383,74.17
2023-07-18,79.54,2.414,2.647,2.412,75.76
2023-07-19,79.38,2.48,2.678,2.448,75.4
2023-07-20,79.62,2.481,2.708,2.481,75.65
2023-07-21,81.06,2.558,2.766,2.553,77.06
2023-07-24,82.53,2.593,2.876,2.588,78.81
2023-07-25,83.46,2.595,2.823,2.603,79.76
2023-07-26,82.98,2.656,2.877,2.668,79.11
2023-07-27,84.28,2.715,2.848,2.74,80.17
2023-07-28,84.49,2.765,2.855,2.818,80.55
2023-07-31,85.22,2.81,2.889,2.86,81.8
2023-08-01,85.34,2.856,2.9,2.901,81.37
2023-08-02,84.01,2.854,2.798,2.861,79.5
2023-08-03,86.19,2.926,2.804,2.936,81.56
2023-08-04,87.38,2.892,2.799,2.897,82.76
2023-08-07,86.47,2.869,2.846,2.874,81.94
2023-08-08,88.0,2.899,2.879,2.919,82.94
2023-08-09,89.31,3.035,2.987,3.063,84.35
2023-08-10,87.44,2.974,2.95,3.007,82.81
2023-08-11,87.93,2.937,2.995,2.969,83.17
2023-08-14,87.4,2.902,2.954,2.935,82.5
2023-08-15,86.28,2.855,2.904,2.9,81.06
2023-08-16,84.49,2.837,2.905,2.882,79.4
2023-08-17,85.24,2.91,2.862,2.967,80.43
2023-08-18,85.92,2.991,2.879,3.106,81.25
2023-08-21,85.44,2.939,2.84,3.084,80.71
2023-08-22,84.7,2.963,2.845,3.055,80.25
2023-08-23,83.94,2.935,2.83,3.017,78.91
2023-08-24,84.07,2.972,2.824,3.047,79.52
2023-08-25,85.42,3.134,2.923,3.188,80.47
2023-08-28,,3.008,2.841,3.075,80.65
2023-08-29,86.37,3.034,2.851,3.09,81.14
2023-08-30,86.62,2.908,2.871,2.957,81.64
2023-08-31,87.29,2.965,2.818,3.006,83.55
2023-09-01,89.98,2.932,2.648,2.982,85.52
2023-09-04,90.42,,,,
2023-09-05,91.25,3.077,2.868,3.087,86.74
2023-09-06,91.79,3.049,2.866,2.994,87.55
2023-09-07,91.16,3.081,2.885,3.026,86.87
2023-09-08,91.85,3.154,2.916,3.082,87.51
2023-09-11,91.97,3.217,2.987,3.145,87.3
2023-09-12,93.58,3.186,3.013,3.111,88.87
2023-09-13,93.04,3.285,3.024,3.24,88.59
2023-09-14,95.2,3.322,3.036,3.269,90.13
2023-09-15,95.55,3.232,3.003,3.144,90.83
2023-09-18,95.95,3.135,2.99,3.055,91.47
2023-09-19,96.11,3.257,2.925,3.137,91.16
2023-09-20,94.56,3.165,2.872,3.215,89.2
2023-09-21,93.7,3.221,2.872,3.206,89.56
2023-09-22,93.99,3.204,2.833,3.15,90.0
2023-09-25,94.01,3.116,2.767,3.073,89.68
2023-09-26,94.46,3.115,2.836,3.052,91.43
2023-09-27,97.1,3.183,2.914,3.13,93.67
2023-09-28,96.64,3.208,2.846,3.145,91.65
2023-09-29,95.86,3.224,2.769,3.162,90.77
2023-10-02,91.21,3.161,2.709,2.999,88.81
2023-10-03,94.46,3.14,2.655,2.978,89.26
2023-10-04,89.83,2.971,2.492,2.799,84.32
2023-10-05,88.28,2.821,2.414,2.656,82.3
2023-10-06,87.86,2.849,2.411,2.684,82.83
2023-10-09,91.37,,,,
2023-10-10,90.7,2.984,2.558,2.862,85.89
2023-10-11,87.58,2.965,2.524,2.85,83.7
2023-10-12,88.4,3.01,2.472,2.85,82.87
2023-10-13,94.33,3.173,2.554,3.065,87.67
2023-10-16,90.99,3.127,2.578,3.019,86.65
2023-10-17,92.52,3.136,2.579,3.029,86.66
2023-10-18,91.99,3.092,2.58,2.855,88.35
2023-10-19,93.12,3.14,2.583,2.905,89.35
2023-10-20,93.72,3.119,2.578,2.952,89.12
2023-10-23,91.88,3.062,2.534,2.894,85.49
2023-10-24,88.0,2.99,2.474,2.825,84.58
2023-10-25,90.14,2.922,2.436,2.837,86.07
2023-10-26,88.45,2.683,2.425,2.863,83.8
2023-10-27,90.73,2.907,2.468,2.859,86.04
2023-10-30,90.73,2.884,2.525,2.854,83.03
2023-10-31,86.82,2.897,2.448,2.869,81.64
2023-11-01,86.92,2.87,2.412,2.875,81.05
2023-11-02,89.02,2.895,2.068,3.105,83.04
2023-11-03,87.55,2.787,2.028,2.837,81.19
2023-11-06,87.31,2.806,2.415,2.889,81.54
2023-11-07,83.43,2.771,2.298,2.808,77.96
2023-11-08,81.46,2.709,2.262,2.724,75.85
2023-11-09,81.74,2.705,2.254,2.665,76.34
2023-11-10,83.66,2.741,2.287,2.669,
2023-11-13,84.09,2.801,2.342,2.789,78.86
2023-11-14,84.2,2.817,2.333,2.862,78.9
2023-11-15,82.4,2.845,2.272,2.825,77.15
2023-11-16,77.73,2.752,2.242,2.709,73.5
2023-11-17,81.22,2.761,2.345,2.611,76.47
2023-11-20,83.25,2.845,2.384,2.695,78.1
2023-11-21,82.42,2.89,2.405,2.702,78.35
2023-11-22,81.76,2.841,2.395,2.654,76.8
2023-11-23,80.85,,,,
2023-11-24,79.82,2.823,2.341,2.601,74.83
2023-11-27,79.49,2.833,2.328,2.618,74.46
2023-11-28,81.66,2.872,2.332,2.662,76.09
2023-11-29,82.98,2.856,2.382,2.646,77.56
2023-11-30,81.72,2.807,2.295,2.476,75.66
2023-12-01,78.72,2.633,2.226,2.401,73.7
2023-12-04,78.16,2.648,2.315,2.401,72.73
2023-12-05,77.27,2.612,2.281,2.357,71.95
2023-12-06,74.33,2.538,2.202,2.303,68.98
2023-12-07,74.21,2.525,2.181,2.29,69.0
2023-12-08,75.94,2.499,2.23,2.299,70.87
2023-12-11,75.75,2.522,2.214,2.322,70.95
2023-12-12,74.11,2.417,2.141,2.152,68.27
2023-12-13,74.14,2.461,2.183,2.196,69.09
2023-12-14,77.05,2.486,2.27,2.351,71.21
2023-12-15,76.84,2.511,2.283,2.384,71.05
2023-12-18,78.89,2.563,2.252,2.453,72.16
2023-12-19,79.82,2.608,2.281,2.543,73.23
2023-12-20,81.1,2.604,2.257,2.537,73.87
2023-12-21,80.73,2.611,2.237,2.541,73.59
2023-12-22,80.23,2.553,2.196,2.498,73.29
2023-12-26,,2.558,2.223,2.503,75.84
2023-12-27,80.97,2.529,2.222,2.451,74.31
2023-12-28,79.04,2.468,2.166,2.385,72.02
2023-12-29,77.69,2.444,,2.365,71.89
2024-01-02,76.24,2.465,2.215,2.333,70.62
2024-01-03,77.18,2.51,2.228,2.435,72.97
2024-01-04,75.79,2.494,2.213,2.431,72.38
2024-01-05,78.31,2.526,2.207,2.466,74.0
2024-01-08,75.47,2.491,2.137,2.473,71.06
2024-01-09,77.97,2.554,2.176,2.537,72.43
2024-01-10,78.46,2.508,2.14,2.558,71.57
2024-01-11,80.21,2.587,2.201,2.637,72.15
2024-01-12,79.89,2.581,2.192,2.596,72.94
2024-01-15,79.76,,,,
2024-01-16,80.15,2.549,2.188,2.579,72.63
2024-01-17,78.88,2.555,2.202,2.585,72.79
2024-01-18,81.04,2.594,2.245,2.584,74.32
2024-01-19,80.71,2.57,2.241,2.568,73.69
2024-01-22,81.7,2.596,2.301,2.594,75.26
2024-01-23,82.04,2.591,2.274,2.624,74.72
2024-01-24,82.15,2.584,2.307,2.602,75.48
2024-01-25,82.33,2.698,2.345,2.701,77.91
2024-01-26,83.34,2.752,2.379,2.749,78.45
2024-01-29,83.99,2.753,2.324,2.786,77.25
2024-01-30,84.14,2.716,2.345,2.753,78.3
2024-01-31,82.98,2.706,2.256,2.7,76.28
2024-02-01,82.2,2.647,2.227,2.65,74.36
2024-02-02,79.54,2.584,2.169,2.586,72.72
2024-02-05,79.3,2.661,2.238,2.639,73.21
2024-02-07,81.18,2.754,2.312,2.754,74.26
2024-02-08,83.01,2.826,2.359,2.816,76.67
2024-02-09,83.58,2.879,2.354,2.869,77.26
2024-02-12,83.88,2.86,2.386,2.86,77.34
2024-02-13,84.72,2.824,2.404,2.789,78.28
2024-02-14,84.41,2.736,2.334,2.701,77.09
2024-02-15,84.33,2.737,2.326,2.712,78.47
2024-02-16,84.88,2.727,2.348,2.707,79.65
2024-02-19,85.52,,,,
2024-02-20,84.78,2.659,2.312,2.631,78.72
2024-02-21,84.77,2.634,2.367,2.664,78.89
2024-02-22,85.84,2.686,2.36,2.696,79.64
2024-02-23,84.18,2.625,2.315,2.576,77.6
2024-02-26,84.01,2.7,2.341,2.642,78.53
2024-02-27,83.8,2.674,2.377,2.623,79.8
2024-02-28,84.08,2.57,2.346,2.533,79.44
2024-02-29,84.57,2.594,2.39,2.552,79.22
2024-03-01,84.82,2.661,2.42,2.609,80.9
2024-03-04,86.58,2.604,2.396,2.552,79.67
2024-03-05,85.82,2.553,2.379,2.511,79.11
2024-03-06,86.59,2.607,2.353,2.585,80.08
2024-03-07,84.88,2.64,2.36,2.617,79.81
2024-03-08,84.29,2.581,2.33,2.556,78.96
2024-03-11,83.44,2.598,2.412,2.588,78.87
2024-03-12,83.66,2.557,2.42,2.572,78.51
2024-03-13,83.95,2.624,2.488,2.644,80.67
2024-03-14,86.16,2.633,2.527,2.628,82.16
2024-03-15,85.39,2.655,2.545,2.655,81.94
2024-03-18,86.47,2.708,2.55,2.718,83.68
2024-03-19,87.36,2.686,2.566,2.671,84.39
2024-03-20,85.77,2.611,2.586,2.606,82.79
2024-03-21,84.92,2.58,2.572,2.608,81.99
2024-03-22,84.87,2.565,2.585,2.582,81.1
2024-03-25,86.18,2.6,2.555,2.583,82.41
2024-03-26,85.91,2.523,2.49,2.53,82.41
2024-03-27,84.94,2.502,2.491,2.524,82.15
2024-03-28,86.17,2.525,2.583,2.526,83.96
2024-04-01,,2.54,2.693,2.583,84.54
2024-04-02,87.63,2.623,2.743,2.693,85.95
2024-04-03,90.6,2.64,2.751,2.725,86.22
2024-04-04,90.32,2.659,2.787,2.744,87.37
2024-04-05,92.81,2.667,2.763,2.724,87.69
2024-04-08,91.73,2.645,2.736,2.717,87.24
2024-04-09,92.13,2.595,2.748,2.668,86.04
2024-04-10,91.57,2.634,2.754,2.681,86.98
2024-04-11,91.49,2.587,2.756,2.635,85.79
2024-04-12,93.12,2.599,2.769,2.672,86.46
2024-04-15,90.84,2.572,2.776,2.69,86.21
2024-04-17,89.54,2.479,2.707,2.609,83.58
2024-04-18,88.34,2.428,2.676,2.49,83.5
2024-04-19,87.96,2.444,2.684,2.496,83.79
2024-04-22,87.3,2.465,2.723,2.525,83.82
2024-04-23,88.29,2.474,2.759,2.519,84.17
2024-04-24,89.02,2.45,2.763,2.495,84.09
2024-04-25,88.1,2.453,2.797,2.498,84.92
2024-04-26,89.95,2.445,2.789,2.494,85.38
2024-04-29,88.44,2.435,2.781,2.498,84.26
2024-04-30,88.23,2.412,2.733,2.47,83.49
2024-05-01,83.55,2.357,2.608,2.402,80.7
2024-05-02,84.81,2.345,2.641,2.395,80.59
2024-05-03,83.6,2.336,2.599,2.386,79.65
2024-05-06,,2.35,2.575,2.427,80.1
2024-05-07,82.69,2.352,2.54,2.43,79.97
2024-05-08,82.44,2.37,2.533,2.435,80.57
2024-05-09,83.27,2.368,2.581,2.426,80.86
2024-05-10,83.39,2.319,2.521,2.361,79.81
2024-05-13,83.18,2.326,2.533,2.368,80.71
2024-05-14,81.0,2.31,2.481,2.342,79.62
2024-05-15,79.98,2.313,2.52,2.345,80.23
2024-05-16,81.65,2.335,2.554,2.378,80.85
2024-05-17,82.24,2.373,2.588,2.453,81.66
2024-05-20,81.91,2.406,2.551,2.446,81.39
2024-05-21,81.22,2.391,2.527,2.424,80.66
2024-05-22,79.9,2.35,2.482,2.338,79.15
2024-05-23,79.25,2.346,2.505,2.333,77.47
2024-05-24,78.92,2.336,2.503,2.336,78.48
2024-05-28,81.34,2.398,2.526,2.401,80.9
2024-05-29,81.5,2.353,2.47,2.353,80.24
2024-05-30,81.42,2.287,2.409,2.294,78.96
2024-05-31,79.41,2.273,2.435,2.291,77.97
2024-06-03,76.45,2.203,2.343,2.21,75.26
2024-06-04,75.33,2.199,2.347,2.224,74.27
2024-06-05,75.41,2.217,2.36,2.242,75.08
2024-06-06,77.62,2.268,2.4,2.298,76.52
2024-06-07,78.12,2.263,2.376,2.293,76.53
2024-06-10,79.59,2.328,2.413,2.358,78.75
2024-06-11,80.15,2.326,2.411,2.371,78.88
2024-06-12,80.52,2.347,2.393,2.375,79.56
2024-06-13,81.44,2.394,2.412,2.429,79.61
2024-06-14,81.49,2.38,2.402,2.423,79.41
2024-06-17,82.45,2.389,2.446,2.434,81.33
2024-06-18,84.79,2.429,2.48,2.474,82.67
2024-06-19,85.64,,,,
2024-06-20,85.92,2.429,2.5,2.489,83.34
2024-06-21,86.42,2.401,2.511,2.459,81.71
2024-06-24,86.75,2.434,2.512,2.491,82.63
2024-06-25,86.81,2.419,2.514,2.477,81.97
2024-06-26,85.76,2.442,2.536,2.475,82.19
2024-06-27,87.0,2.416,2.544,2.49,83.04
2024-06-28,87.26,2.381,2.527,2.467,82.83
2024-07-01,86.57,2.477,2.573,2.542,84.7
2024-07-02,88.28,2.496,2.577,2.561,84.09
2024-07-03,88.25,2.493,2.592,2.625,85.19
2024-07-04,88.34,,,,
2024-07-05,88.66,2.48,2.579,2.55,84.44
2024-07-08,87.15,2.438,2.542,2.508,83.63
2024-07-09,86.48,2.389,2.527,2.467,82.78
2024-07-10,86.55,2.389,2.51,2.469,83.39
2024-07-11,86.49,2.39,2.525,2.47,83.92
2024-07-12,87.35,2.375,2.503,2.442,83.49
2024-07-15,86.42,2.376,2.483,2.443,83.22
2024-07-16,86.6,2.334,2.464,2.402,81.92
2024-07-17,85.76,2.351,2.492,2.424,84.16
2024-07-18,86.26,2.338,2.498,2.411,84.17
2024-07-19,85.19,2.275,2.446,2.362,81.43
2024-07-22,83.44,2.287,2.457,2.371,81.25
2024-07-23,82.2,2.27,2.415,2.364,78.24
2024-07-24,83.01,2.296,2.433,2.361,78.78
2024-07-25,82.58,2.319,2.457,2.384,79.43
2024-07-26,81.35,2.267,2.446,2.308,78.58
2024-07-29,80.94,2.227,2.405,2.268,77.27
2024-07-30,79.26,2.196,2.387,2.211,76.17
2024-07-31,81.39,2.265,2.477,2.28,79.36
2024-08-01,81.37,2.27,2.399,2.29,77.74
2024-08-02,78.35,2.148,2.328,2.19,74.99
2024-08-05,77.51,2.196,2.38,2.168,74.46
2024-08-06,76.62,2.169,2.346,2.161,74.6
2024-08-07,78.26,2.228,2.387,2.224,76.68
2024-08-08,80.76,2.229,2.421,2.224,77.64
2024-08-09,81.07,2.213,2.419,2.193,78.28
2024-08-12,83.06,2.273,2.462,2.253,81.45
2024-08-13,82.51,2.253,2.4,2.228,79.81
2024-08-14,82.15,2.23,2.352,2.205,78.47
2024-08-15,83.09,2.201,2.38,2.234,79.66
2024-08-16,81.56,2.158,2.339,2.203,78.05
2024-08-19,81.09,2.092,2.292,2.13,75.82
2024-08-20,78.85,2.093,2.28,2.13,75.27
2024-08-21,78.77,2.073,2.215,2.113,72.76
2024-08-22,78.8,2.092,2.253,2.14,73.72
2024-08-23,80.34,2.133,2.301,2.136,75.82
2024-08-26,,2.169,2.298,2.171,78.4
2024-08-27,81.51,2.115,2.256,2.117,76.5
2024-08-28,80.04,2.058,2.232,2.082,75.49
2024-08-29,81.55,2.119,2.268,2.151,76.9
2024-08-30,80.2,2.075,2.22,2.127,74.52
2024-09-02,77.82,,,,
2024-09-03,76.46,2.033,1.979,2.048,71.28
2024-09-04,74.67,1.949,2.062,2.004,70.11
2024-09-05,74.47,1.965,2.039,2.025,70.09
2024-09-06,72.82,1.722,2.009,1.977,68.58
2024-09-09,72.37,1.671,2.036,1.999,69.65
2024-09-10,70.34,1.593,1.994,1.928,66.73
2024-09-11,70.31,1.619,2.009,1.954,68.25
2024-09-12,73.81,1.621,2.048,1.971,69.89
2024-09-13,73.68,1.589,2.051,1.921,69.59
2024-09-16,73.96,1.596,2.085,1.929,71.1
2024-09-17,74.55,1.643,2.105,1.973,72.16
2024-09-18,74.52,1.629,2.078,1.96,71.87
2024-09-19,75.93,1.67,2.139,2.007,72.86
2024-09-20,75.96,1.67,2.124,2.007,72.72
2024-09-23,74.95,1.651,2.076,1.999,71.33
2024-09-24,75.29,1.678,2.105,2.018,72.34
2024-09-25,75.4,1.662,2.083,2.002,70.42
2024-09-26,73.06,1.632,2.028,1.967,68.28
2024-09-27,71.63,1.642,2.033,1.977,68.72
2024-09-30,72.35,1.631,2.05,1.968,68.75
2024-10-01,75.3,1.67,2.081,2.025,70.41
2024-10-02,74.86,1.678,2.105,2.033,70.74
2024-10-03,77.57,1.782,2.202,2.204,74.33
2024-10-04,79.32,1.795,2.196,2.14,74.93
2024-10-07,81.74,1.872,2.257,2.219,77.76
2024-10-08,78.19,1.788,2.181,2.132,74.26
2024-10-09,77.06,1.758,2.173,2.102,73.85
2024-10-10,79.45,1.82,2.248,2.155,76.46
2024-10-11,80.27,1.823,2.257,2.175,76.11
2024-10-14,78.47,1.823,2.257,2.175,76.11
2024-10-15,73.68,1.673,2.148,2.021,71.22
2024-10-16,73.65,1.655,2.148,2.007,70.97
2024-10-17,74.37,1.672,2.15,2.027,71.26
2024-10-18,72.75,2.05,2.108,1.995,69.78
2024-10-21,73.29,2.076,2.118,2.017,71.16
2024-10-22,75.59,2.128,2.172,2.069,72.84
2024-10-23,74.68,2.123,2.15,2.052,71.37
2024-10-24,74.27,2.109,2.141,2.029,70.58
2024-10-25,75.62,2.13,2.185,2.051,72.02
2024-10-28,71.87,2.048,2.082,1.958,67.65
2024-10-29,71.09,2.043,2.043,1.977,67.48
2024-10-30,73.21,2.102,2.095,2.024,68.91
2024-10-31,73.25,2.121,2.093,2.076,69.58
2024-11-01,73.63,2.125,2.067,2.042,69.81
2024-11-04,74.89,2.181,2.124,2.114,71.83
2024-11-05,76.98,2.203,2.162,2.133,72.26
2024-11-06,76.52,2.17,2.154,2.099,71.98
2024-11-07,75.73,2.18,2.163,2.095,72.69
2024-11-08,74.04,2.141,2.131,2.056,70.69
2024-11-11,72.19,2.141,2.131,2.056,70.69
2024-11-12,72.56,2.102,2.076,2.019,68.43
2024-11-13,72.86,2.108,2.07,2.037,68.76
2024-11-14,73.39,2.105,2.093,2.035,68.99
2024-11-15,73.45,2.072,2.054,1.997,67.33
2024-11-18,74.35,2.152,2.12,2.079,69.46
2024-11-19,74.32,2.136,2.142,2.066,69.75
2024-11-20,74.33,2.13,2.151,2.06,69.25
2024-11-21,75.09,2.17,2.154,2.095,70.39
2024-11-22,76.1,2.175,2.16,2.09,71.68
2024-11-25,74.27,2.143,2.106,2.058,69.41
2024-11-26,74.56,2.154,2.093,2.064,69.05
2024-11-27,73.91,2.118,2.077,2.055,69.03
2024-11-28,73.92,,,,
2024-11-29,74.16,2.103,2.035,2.04,68.26
2024-12-02,72.81,2.103,2.068,2.042,68.35
2024-12-03,74.8,2.137,2.111,2.075,70.15
2024-12-04,74.68,2.091,2.08,2.021,68.81
2024-12-05,73.78,2.086,2.079,2.011,68.58
2024-12-06,73.78,2.049,1.988,1.984,68.58
2024-12-09,73.73,2.105,2.03,2.035,68.65
2024-12-10,73.64,2.101,2.023,2.045,68.85
2024-12-11,74.38,2.121,2.061,2.107,70.57
2024-12-12,73.52,2.132,2.064,2.132,70.25
2024-12-13,74.89,2.163,2.07,2.158,71.54
2024-12-16,74.3,2.154,2.047,2.13,71.03
2024-12-17,73.16,2.134,2.019,2.103,70.31
2024-12-18,74.57,2.152,2.003,2.121,70.8
2024-12-19,73.75,2.136,1.986,2.119,70.1
2024-12-20,73.19,2.146,2.014,2.121,69.71
2024-12-23,72.12,2.15,2.021,2.107,69.5
2024-12-24,73.5,2.139,2.038,2.095,70.87
2024-12-25,73.5,,,,
2024-12-26,,2.117,2.016,2.089,70.38
2024-12-27,73.77,2.15,2.02,2.122,71.28
2024-12-30,74.24,2.216,2.048,2.189,71.73
2024-12-31,74.58,2.239,2.07,2.228,72.44
2025-01-02,76.14,2.277,2.122,2.266,73.79
2025-01-03,76.72,2.28,2.125,2.272,74.64
2025-01-06,77.27,2.288,2.101,2.283,74.31
2025-01-07,77.84,2.293,2.097,2.293,74.99
2025-01-08,77.37,2.286,2.082,2.286,73.99
2025-01-09,78.44,,,,
2025-01-10,79.76,2.429,2.154,2.406,77.27
2025-01-13,82.69,2.458,2.182,2.385,79.57
2025-01-14,82.39,2.457,2.204,2.365,78.2
2025-01-15,83.48,2.551,2.262,2.463,80.73
2025-01-16,82.39,2.547,2.207,2.43,79.35
2025-01-17,83.02,2.554,2.205,2.419,78.56
2025-01-20,81.68,,,,
2025-01-21,80.57,2.481,2.182,2.411,76.79
2025-01-22,80.0,2.419,2.151,2.369,76.12
2025-01-23,78.62,2.412,2.15,2.362,75.03
2025-01-24,78.71,2.454,2.145,2.384,74.97
2025-01-27,77.3,2.394,2.122,2.324,73.51
2025-01-28,78.01,2.38,2.148,2.31,74.15
2025-01-29,77.02,2.391,2.135,2.317,72.94
2025-01-30,77.42,2.425,2.142,2.285,73.1
2025-01-31,77.11,2.371,2.122,2.302,72.84
2025-02-03,76.49,2.406,2.194,2.358,73.52
2025-02-04,76.58,2.346,2.174,2.301,73.04
2025-02-05,74.71,2.356,2.126,2.271,71.39
2025-02-06,74.54,2.374,2.148,2.294,70.97
2025-02-07,74.68,2.381,2.181,2.301,71.32
2025-02-10,76.23,2.39,2.181,2.293,72.73
2025-02-11,77.65,2.448,2.219,2.357,73.67
2025-02-12,75.38,2.377,2.157,2.277,71.72
2025-02-13,75.61,2.365,2.186,2.27,71.66
2025-02-14,75.19,2.358,2.161,2.276,71.05
2025-02-17,75.81,,,,
2025-02-18,76.46,2.345,2.166,2.262,72.21
2025-02-19,76.34,2.372,2.164,2.33,72.58
2025-02-20,76.95,2.401,2.158,2.358,72.88
2025-02-21,74.88,2.337,2.102,2.266,70.72
2025-02-24,74.89,2.324,2.1,2.209,71.06
2025-02-25,73.11,2.268,1.927,2.163,69.15
2025-02-26,73.49,2.229,1.904,2.119,68.87
2025-02-27,75.01,2.265,1.949,2.166,70.62
2025-02-28,74.76,2.232,1.925,2.145,69.97
2025-03-03,72.85,2.213,1.995,2.088,68.63
2025-03-04,72.31,2.201,1.971,2.076,68.47
2025-03-05,70.92,2.181,1.929,2.089,66.58
2025-03-06,71.08,2.156,1.891,2.063,66.62
2025-03-07,72.49,2.154,1.937,2.071,67.29
2025-03-10,71.08,2.086,1.919,2.006,66.31
2025-03-11,71.51,2.111,1.941,2.039,66.52
2025-03-12,72.36,2.11,1.96,2.04,67.65
2025-03-13,70.82,2.059,1.938,1.999,66.82
2025-03-14,71.94,2.069,1.964,1.997,67.43
2025-03-17,71.93,2.107,1.995,2.035,67.84
2025-03-18,71.93,2.102,1.981,2.03,67.49
2025-03-19,71.94,2.138,1.984,2.066,67.4
2025-03-20,72.61,2.156,2.008,2.084,68.55
2025-03-21,72.64,2.155,2.008,2.082,68.52
2025-03-24,73.96,2.163,2.023,2.091,69.46
2025-03-25,73.78,2.193,2.027,2.121,69.48
2025-03-26,74.6,2.196,2.05,2.124,70.05
2025-03-27,74.72,2.184,2.057,2.111,70.3
2025-03-28,74.69,2.165,2.043,2.093,69.74
2025-03-31,77.23,2.208,2.101,2.135,71.87
2025-04-01,77.78,2.195,2.119,2.123,71.61
2025-04-02,77.27,2.208,2.135,2.135,72.12
2025-04-03,72.54,2.083,1.97,2.011,67.43
2025-04-04,68.36,2.0,1.886,1.927,62.42
2025-04-07,66.13,1.979,1.843,1.907,61.05
2025-04-08,64.86,1.926,1.782,1.853,60.04
2025-04-09,67.3,2.019,1.855,1.947,62.63
2025-04-10,65.37,1.957,1.782,1.884,60.57
2025-04-11,66.83,1.971,1.821,1.899,61.91
2025-04-14,67.18,1.995,1.838,1.922,61.99
2025-04-15,66.58,1.99,1.849,1.917,61.74
2025-04-16,67.94,2.025,1.863,1.952,62.88
2025-04-17,69.33,2.05,1.908,1.978,65.07
2025-04-21,,2.02,1.888,1.947,63.48
2025-04-22,68.93,2.051,1.953,2.036,64.6
2025-04-23,68.26,2.029,1.94,2.009,62.64
2025-04-24,67.5,2.046,1.942,2.026,63.55
2025-04-25,66.99,2.08,1.96,2.06,63.85
2025-04-28,66.13,2.077,1.946,2.057,63.3
2025-04-29,64.04,2.011,1.901,1.991,61.84
2025-04-30,63.37,1.929,1.873,1.909,59.55
2025-05-01,62.37,1.906,1.874,1.886,60.59
2025-05-02,61.57,1.907,1.85,1.887,59.67
2025-05-05,,1.886,1.868,1.866,58.5
2025-05-06,62.37,1.909,1.944,1.864,60.42
2025-05-07,60.31,1.874,1.895,1.819,59.42
2025-05-08,62.22,1.956,1.971,1.901,61.25
2025-05-09,64.26,1.973,1.985,1.925,62.37
2025-05-12,65.28,2.015,1.998,1.968,63.32
2025-05-13,66.93,2.076,2.019,2.027,65.04
2025-05-14,65.91,2.1,1.988,2.051,64.48
2025-05-15,64.36,2.073,1.966,1.99,63.03
2025-05-16,65.2,2.04,1.99,1.976,63.84
2025-05-19,66.25,2.032,2.009,1.968,63.98
2025-05-20,66.93,2.039,2.028,1.974,63.97
2025-05-21,65.86,2.035,2.063,1.975,62.93
2025-05-22,64.87,2.01,2.041,1.946,62.55
2025-05-23,65.41,2.011,1.992,1.948,62.89
2025-05-27,64.32,1.985,1.965,1.9,61.61
2025-05-28,65.72,1.981,1.96,1.906,62.54
2025-05-29,64.6,1.946,1.938,1.871,61.66
2025-05-30,64.32,1.918,1.912,1.846,61.46
2025-06-02,66.55,1.963,1.937,1.901,63.27
2025-06-03,67.48,2.002,1.957,1.944,64.1
2025-06-04,66.69,1.97,1.913,1.913,63.57
2025-06-05,67.14,1.995,1.911,1.928,64.06
2025-06-06,68.02,2.032,1.93,1.957,65.3
2025-06-09,68.73,2.051,1.947,1.976,65.99
2025-06-10,68.41,2.043,1.955,1.965,65.66
2025-06-11,71.29,2.104,2.021,2.018,68.91
2025-06-12,70.84,2.106,2.178,2.02,68.73
2025-06-13,76.0,2.287,2.252,2.202,73.84
2025-06-16,75.05,2.283,2.227,2.197,72.53
2025-06-17,78.7,2.401,2.314,2.304,75.62
2025-06-18,78.38,2.445,2.338,2.35,75.89
2025-06-19,80.37,,,,
2025-06-20,78.73,2.444,2.353,2.349,75.72
2025-06-23,74.34,2.227,2.202,2.132,69.36
2025-06-24,69.13,2.205,2.115,2.11,65.45
2025-06-25,68.4,2.208,2.103,2.128,65.98
2025-06-26,68.57,2.279,2.118,2.199,66.44
2025-06-27,69.37,2.187,2.098,2.107,66.66
2025-06-30,68.15,2.257,2.102,2.177,66.3
2025-07-01,67.63,2.232,2.122,2.152,66.64
2025-07-02,70.8,2.318,2.139,2.238,68.66
2025-07-03,70.42,2.272,2.137,2.192,68.13
2025-07-04,71.03,,,,
2025-07-07,71.95,2.32,2.174,2.24,69.16
2025-07-08,72.5,2.346,2.206,2.266,69.55
2025-07-09,71.98,2.313,2.209,2.233,69.61
2025-07-10,70.38,2.295,2.173,2.215,67.78
2025-07-11,72.06,2.364,2.208,2.284,69.63
2025-07-14,70.96,2.286,2.182,2.206,68.19
2025-07-15,70.27,2.305,2.19,2.225,67.76
2025-07-16,69.67,2.297,2.171,2.217,67.13
2025-07-17,71.32,2.371,2.18,2.291,68.76
2025-07-18,71.06,2.356,2.157,2.276,68.53
2025-07-21,71.92,2.397,2.131,2.317,68.39
2025-07-22,69.69,2.355,2.116,2.308,67.56
2025-07-23,69.17,2.353,2.126,2.305,66.05
2025-07-24,70.42,2.312,2.112,2.264,67.16
2025-07-25,69.23,2.301,2.097,2.253,66.38
2025-07-28,70.87,2.336,2.157,2.265,67.81
2025-07-29,73.21,2.375,2.231,2.311,70.27
2025-07-30,73.98,2.329,2.296,2.167,71.09
2025-07-31,73.43,2.302,2.236,2.148,70.36
2025-08-01,70.55,2.191,2.118,2.039,68.39
2025-08-04,69.56,2.209,2.107,2.057,67.33
2025-08-05,69.14,2.152,2.097,2.0,66.2
2025-08-06,67.97,2.156,2.09,2.004,65.38
2025-08-07,66.99,2.163,2.079,2.011,64.9
2025-08-08,67.17,2.173,2.082,2.021,64.94
2025-08-11,67.36,2.193,2.086,2.04,65.03
2025-08-12,66.8,2.143,2.079,1.99,64.22
2025-08-13,66.25,2.145,2.082,1.992,63.68
2025-08-14,68.12,2.143,2.117,1.991,64.99
2025-08-15,67.3,2.133,2.088,1.98,63.78
2025-08-18,68.18,2.15,2.106,1.997,64.51
2025-08-19,66.62,2.16,2.1,2.007,63.38
2025-08-20,67.61,2.182,2.137,2.024,64.19
2025-08-21,68.41,2.227,2.169,2.07,64.56
2025-08-22,68.29,2.214,2.168,2.057,64.08
2025-08-25,,2.253,2.158,2.096,65.18
2025-08-26,66.89,2.183,2.143,2.027,63.6
2025-08-27,67.75,2.186,2.15,2.032,64.49
2025-08-28,68.61,2.2,2.236,2.05,64.96
2025-08-29,67.83,2.175,2.255,2.02,64.36
2025-09-01,67.09,,,,
2025-09-02,68.09,2.272,2.048,2.12,65.95
2025-09-03,67.76,2.26,2.014,2.107,64.36
2025-09-04,66.41,2.227,2.011,2.075,63.81
2025-09-05,64.92,2.194,1.977,2.041,62.22
2025-09-08,65.44,2.223,1.97,2.07,62.6
2025-09-09,67.97,2.223,1.999,2.071,62.97
2025-09-10,67.62,2.238,2.016,2.085,64.01
2025-09-11,67.25,2.179,1.978,2.027,62.71
2025-09-12,67.87,2.196,1.996,2.043,63.02
2025-09-15,67.88,2.235,2.021,2.083,63.66
2025-09-16,69.69,2.299,2.05,2.146,64.89
2025-09-17,69.19,2.254,2.033,2.101,64.41
2025-09-18,67.83,2.245,2.024,2.093,63.91
2025-09-19,67.05,2.205,1.977,2.052,63.02
2025-09-22,66.87,2.2,1.988,2.047,62.99
2025-09-23,67.96,2.24,2.012,2.088,63.76
2025-09-24,69.64,2.277,2.022,2.124,65.4
2025-09-25,70.48,2.33,2.013,2.178,65.51
2025-09-26,71.15,2.327,2.038,2.162,66.5
2025-09-29,69.0,2.244,1.993,2.084,64.27
2025-09-30,68.52,2.231,1.985,2.076,63.17
2025-10-01,66.67,2.204,1.897,2.051,62.59
2025-10-02,65.44,2.151,1.862,1.998,61.28
2025-10-03,66.13,2.142,1.868,2.037,61.65
2025-10-06,67.09,2.155,1.91,2.118,62.49
2025-10-07,67.1,2.179,1.912,2.142,62.52
2025-10-08,67.42,2.191,1.913,2.193,63.37
2025-10-09,67.23,2.177,1.884,2.18,62.36
2025-10-10,64.41,2.104,1.827,2.106,59.75
2025-10-13,64.15,,,,
2025-10-14,63.0,2.103,1.836,2.105,59.52
2025-10-15,62.33,2.093,1.854,2.095,59.08
2025-10-16,61.08,2.058,1.826,2.061,58.29
2025-10-17,61.23,2.081,1.841,2.084,58.3
2025-10-20,60.71,2.09,1.837,2.093,58.34
2025-10-21,61.0,2.115,1.84,2.097,58.66
2025-10-22,62.28,2.183,1.888,2.163,59.3
2025-10-23,66.32,2.291,1.931,2.265,62.44
2025-10-24,65.8,2.299,1.925,2.277,62.27
2025-10-27,65.52,2.345,1.936,2.322,62.13
2025-10-28,64.03,2.271,1.926,2.25,60.97
2025-10-29,65.01,2.323,1.98,2.256,61.26
2025-10-30,65.11,2.328,1.998,2.256,61.36
2025-10-31,65.44,2.3,1.904,2.245,61.75
2025-11-03,65.79,2.309,1.923,2.254,61.79
2025-11-04,65.04,2.341,1.925,2.286,61.38
2025-11-05,63.54,2.333,1.919,2.278,60.4
2025-11-06,63.41,2.403,1.968,2.311,60.24
2025-11-07,63.72,2.386,1.952,2.293,60.54
2025-11-10,63.01,2.403,1.973,2.31,60.94
2025-11-11,63.86,,,,
2025-11-12,61.88,2.382,1.963,2.289,59.3
2025-11-13,62.14,2.373,1.966,2.281,59.54
2025-11-14,63.45,2.438,2.017,2.346,60.87
2025-11-17,63.16,2.443,1.991,2.351,60.66
2025-11-18,64.86,2.595,2.004,2.503,61.51
2025-11-19,63.78,2.554,1.943,2.462,60.27
2025-11-20,63.64,2.428,1.922,2.265,60.07
2025-11-21,62.78,2.344,1.885,2.127,58.86
2025-11-24,64.83,2.321,1.908,2.123,59.11
2025-11-25,63.99,2.258,1.862,2.068,58.25
2025-11-26,64.81,2.229,1.902,2.048,58.81
2025-11-27,64.18,,,,
2025-11-28,64.07,2.227,1.879,2.05,58.58
2025-12-01,64.22,2.246,1.878,2.089,59.47
2025-12-02,63.37,2.208,1.837,2.051,58.81
2025-12-03,63.75,2.202,1.837,2.03,59.09
2025-12-04,64.15,2.222,1.84,2.05,59.82
2025-12-05,64.42,2.27,1.844,2.098,60.23
2025-12-08,63.3,2.201,1.804,2.028,59.04
2025-12-09,62.62,2.168,1.803,1.996,58.4
2025-12-10,63.12,2.185,1.8,2.013,58.67
2025-12-11,61.87,2.145,1.774,1.972,57.76
2025-12-12,62.11,2.104,1.761,1.939,57.61
2025-12-15,61.55,2.081,1.734,1.916,56.97
2025-12-16,59.93,2.032,1.689,1.867,55.44
2025-12-17,60.61,2.077,1.72,1.915,56.07
2025-12-18,60.69,2.036,1.706,1.861,56.22
2025-12-19,61.35,2.028,1.72,1.853,56.8
2025-12-22,62.22,2.059,1.75,1.949,58.18
2025-12-23,63.7,2.098,1.756,1.995,58.55
2025-12-24,63.7,2.065,1.758,1.962,58.72
2025-12-26,,1.994,1.743,1.892,56.6
2025-12-29,63.1,2.011,1.754,1.909,57.89
2025-12-30,62.3,2.036,1.765,1.933,57.79
2025-12-31,61.35,2.006,1.747,1.911,57.26
2026-01-02,61.98,1.972,1.963,1.877,57.21
2026-01-05,63.0,2.003,1.986,1.88,58.1
2026-01-06,62.1,1.958,1.959,1.835,56.97
2026-01-07,61.08,1.944,1.964,1.821,56.01
2026-01-08,63.34,2.02,2.034,1.922,57.74
2026-01-09,65.11,2.006,2.032,1.909,58.96
2026-01-12,65.4,2.033,2.057,1.953,59.39
2026-01-13,67.58,2.101,2.085,2.021,60.85
2026-01-14,68.87,2.089,2.064,2.037,61.84
2026-01-15,66.16,2.069,2.047,2.017,59.13
2026-01-16,66.97,2.092,2.051,2.047,59.4
2026-01-19,66.91,,,,
2026-01-20,67.68,2.133,2.066,2.071,60.3
2026-01-21,66.72,2.187,2.106,2.124,60.38
2026-01-22,65.46,2.144,2.069,2.081,59.24
2026-01-23,68.16,2.188,2.097,2.105,60.7
2026-01-26,67.7,2.169,2.072,2.064,60.46
2026-01-27,70.28,2.221,2.114,2.143,62.04
2026-01-28,70.9,2.246,2.143,2.189,62.75
2026-01-29,71.0,2.305,2.166,2.248,64.77
2026-01-30,72.25,2.334,2.188,2.277,64.5
2026-02-02,67.72,2.14,2.103,2.082,61.6
2026-02-03,70.01,2.207,2.157,2.15,62.62
2026-02-04,71.15,2.224,2.181,2.167,64.56
2026-02-05,69.87,2.193,2.158,2.095,62.9
2026-02-06,70.45,2.203,2.179,2.106,63.77
2026-02-09,71.19,2.227,2.215,2.165,64.53
2026-02-10,71.01,2.21,2.2,2.143,64.2
2026-02-11,71.52,2.243,2.223,2.176,64.8
2026-02-12,69.8,2.177,2.159,2.11,63.08
2026-02-13,69.96,2.287,1.914,2.177,63.05
2026-02-16,70.81,,,,
2026-02-17,69.77,2.293,1.92,2.183,62.53
2026-02-18,71.78,2.421,1.977,2.311,65.33
2026-02-19,73.17,2.509,2.015,2.399,66.66
2026-02-20,72.75,2.486,2.004,2.376,66.69
2026-02-23,71.9,2.595,2.003,2.485,66.36
2026-02-24,71.21,2.63,2.005,2.52,65.62
2026-02-25,70.69,2.58,2.002,2.47,65.3
2026-02-26,71.66,2.554,2.048,2.444,65.1
2026-02-27,71.32,2.538,2.076,2.428,66.96
2026-03-02,77.24,2.848,2.393,2.738,71.13
2026-03-03,83.28,3.076,2.456,2.966,74.48
2026-03-04,81.56,3.236,2.543,3.126,74.58
2026-03-05,88.59,3.373,2.626,3.263,80.88
2026-03-06,95.74,3.534,2.769,3.424,90.77
2026-03-09,94.35,3.21,2.644,3.1,94.65
2026-03-10,89.84,3.309,2.715,3.199,83.71
2026-03-11,90.98,3.654,2.819,3.544,86.8
2026-03-12,102.38,3.863,2.982,3.753,95.61
2026-03-13,103.23,3.902,3.061,3.792,98.48
2026-03-16,101.04,3.749,3.012,3.639,93.39
2026-03-17,108.39,3.916,3.138,3.806,96.01
2026-03-18,118.09,4.281,3.198,4.171,96.12
2026-03-19,111.05,4.23,3.11,4.12,96.11
2026-03-20,118.42,4.564,3.303,4.454,98.71
2026-03-23,103.79,4.039,2.998,3.929,89.33
2026-03-24,108.42,4.027,3.057,3.917,93.18
2026-03-25,109.14,3.929,3.027,3.819,91.51
2026-03-26,113.39,4.142,3.104,4.032,96.18
2026-03-27,121.47,4.458,3.276,4.348,101.26
2026-03-30,121.88,4.347,3.404,4.237,104.69
2026-03-31,126.69,4.075,3.318,3.965,102.86
2026-04-01,119.56,3.949,3.083,3.839,101.9
2026-04-02,127.61,4.362,3.283,4.252,113.23
2026-04-06,,4.246,3.305,4.136,114.01
2026-04-07,138.21,4.21,3.239,4.1,114.58
2026-04-08,122.11,3.78,3.022,3.825,96.17
2026-04-09,119.03,3.833,3.02,3.878,99.62
2026-04-10,119.07,3.64,3.003,3.685,98.34
2026-04-13,123.28,3.703,3.08,3.748,100.72
2026-04-14,118.69,3.546,3.045,3.659,93.07
2026-04-15,114.93,3.66,3.083,3.78,93.04
2026-04-16,116.63,3.719,3.185,3.864,96.46
2026-04-17,98.63,3.343,3.034,3.493,85.91
2026-04-20,103.4,3.458,3.133,3.608,91.06
2026-04-21,106.14,3.697,3.244,3.862,93.64
2026-04-22,113.44,3.82,3.382,3.96,94.76
2026-04-23,113.25,3.922,3.523,4.075,99.27
2026-04-24,111.86,3.871,3.534,4.024,98.42
2026-04-27,113.89,3.847,3.521,4.027,99.89
2026-04-28,117.62,3.867,3.586,4.047,103.45
2026-04-29,124.16,4.114,3.788,4.344,110.47
2026-04-30,124.24,4.057,3.843,4.287,108.64
2026-05-01,118.26,3.871,3.63,4.094,105.38
2026-05-04,,3.943,3.748,4.163,109.76
2026-05-05,114.51,3.962,3.67,4.182,105.66
2026-05-06,103.7,3.683,3.511,3.913,98.75
2026-05-07,101.82,3.766,3.536,3.996,98.38
2026-05-08,103.48,3.787,3.548,3.992,98.87
2026-05-11,106.11,3.891,3.645,4.111,101.56
2026-05-12,111.37,4.045,3.747,4.265,105.78
2026-05-13,110.28,3.857,3.683,4.117,104.52
2026-05-14,110.91,3.825,3.678,4.075,104.66
2026-05-15,113.96,3.943,3.794,4.193,108.99
2026-05-18,116.73,3.931,3.769,4.191,112.25
2026-05-19,114.64,4.068,3.786,4.328,112.09
2026-05-20,108.93,3.839,3.563,4.059,101.69
2026-05-21,105.84,3.784,3.519,3.999,100.2
2026-05-22,106.9,3.777,3.48,3.987,100.35
2026-05-26,102.75,3.617,3.257,3.392,97.63
2026-05-27,97.11,3.511,3.195,3.253,92.35
2026-05-28,95.47,3.523,3.323,3.304,92.65
2026-05-29,92.88,3.435,3.194,3.237,91.16
2026-06-01,98.29,3.551,3.187,3.359,95.96
2026-06-02,98.49,3.583,3.243,3.369,97.47
2026-06-03,101.69,3.746,3.234,3.538,99.76
2026-06-04,98.98,3.576,3.132,3.341,96.83
2026-06-05,97.29,3.507,3.13,3.25,94.32
2026-06-08,97.46,3.497,3.154,3.29,95.0
2026-06-09,94.15,3.446,3.083,3.212,91.9
2026-06-10,95.73,3.537,3.129,3.28,93.68
2026-06-11,92.84,3.362,3.033,3.171,91.58
2026-06-12,88.64,3.304,3.02,2.974,88.62
2026-06-15,84.36,3.175,2.945,2.847,84.65
2026-06-16,80.5,3.105,2.88,2.74,79.8
2026-06-17,80.33,3.07,2.887,2.815,80.65
2026-06-18,79.35,3.025,2.96,2.952,80.35
2026-06-19,80.46,,,,
2026-06-22,76.49,3.007,2.966,2.698,78.94
2026-06-23,75.69,3.07,2.935,2.765,74.62
2026-06-24,72.09,3.055,2.843,2.794,71.42
2026-06-25,73.74,3.199,3.02,2.898,72.67
2026-06-26,70.16,3.119,2.963,2.786,70.3
2026-06-29,71.59,3.216,3.049,2.928,71.87
2026-06-30,70.46,3.186,2.977,2.867,70.56
2026-07-01,69.24,3.12,2.945,2.755,69.74
2026-07-02,68.53,3.089,2.92,2.713,69.73
2026-07-03,68.68,,,,
2026-07-06,69.56,3.206,3.006,2.828,69.6
2026-07-07,71.78,3.273,2.975,2.885,71.53
2026-07-08,76.5,3.62,3.113,3.187,74.56
2026-07-09,74.46,3.457,3.003,2.986,73.15
2026-07-10,74.34,3.448,2.966,2.969,72.45
2026-07-13,81.62,3.743,3.171,3.351,79.2
2026-07-14,83.69,3.93,3.237,3.552,80.44
2026-07-15,83.08,3.889,3.394,3.516,80.73
2026-07-16,81.23,3.963,3.373,3.563,80.03
2026-07-17,85.01,3.984,3.479,3.501,83.43
2026-07-20,86.99,3.984,3.479,3.501,84.38
