date,mercadoria,contratos_negociados,volume,negocios
2025-06-10,BGI,1404.0,890557.8,20.0
2025-06-10,CCM,2857.0,1628325.0,12.0
2025-06-10,DOL,1810.0,8354310.25,13.0
2025-06-10,ICF,23.0,1347158.33,3.0
2025-06-10,IDI,1.0,688.0,1.0
2025-06-10,SJC,3.0,1954.01,1.0
2025-06-11,ICF,0.0,0.0,0.0
2025-06-11,IDI,0.0,0.0,0.0
2025-06-11,SJC,111.0,251763.38,1.0
2025-06-11,CCM,3846.0,1477210.5,26.0
2025-06-11,DOL,9940.0,24812950.0,27.0
2025-06-11,BGI,1268.0,1860058.2,23.0
2025-06-12,SJC,80.0,94211.58,4.0
2025-06-12,IDI,20000.0,3735200.0,1.0
2025-06-12,ICF,0.0,0.0,0.0
2025-06-12,CCM,1048.0,1209240.0,18.0
2025-06-12,DOL,5995.0,22364522.5,17.0
2025-06-12,BGI,102.0,194158.8,13.0
2025-06-13,BGI,8680.0,9232931.4,38.0
2025-06-13,SJC,470.0,867663.0599999999,11.0
2025-06-13,DOL,33800.0,73912905.0,28.0
2025-06-13,CCM,1291.0,1459057.5,21.0
2025-06-13,ICF,0.0,0.0,0.0
2025-06-13,IDI,0.0,0.0,0.0
2025-06-16,ICF,0.0,0.0,0.0
2025-06-16,IDI,40005.0,4918256.0,7.0
2025-06-16,SJC,304.0,493884.57,10.0
2025-06-16,DOL,22470.0,45654075.0,42.0
2025-06-16,CCM,3391.0,5261328.0,12.0
2025-06-16,BGI,20.0,3432.0,1.0
2025-06-17,ICF,0.0,0.0,0.0
2025-06-17,SJC,89.0,194895.7,6.0
2025-06-17,IDI,48080.0,11991337.04,14.0
2025-06-17,CCM,1839.0,2159959.5,19.0
2025-06-17,DOL,15470.0,26634962.5,30.0
2025-06-17,BGI,5899.0,11157408.9,39.0
2025-06-18,SJC,235.0,532878.0,5.0
2025-06-18,IDI,39146.0,7415820.399999999,14.0
2025-06-18,ICF,0.0,0.0,0.0
2025-06-18,CCM,1674.0,1874943.0,21.0
2025-06-18,BGI,1041.0,2619691.8,35.0
2025-06-18,DOL,4675.0,18006125.0,16.0
2025-06-20,SJC,155.0,254280.65,3.0
2025-06-20,CCM,0.0,0.0,0.0
2025-06-20,BGI,12629.0,32661301.2,31.0
2025-06-20,IDI,15.0,3877.84,3.0
2025-06-20,DOL,28275.0,354811235.0,19.0
2025-06-20,ICF,34.0,268655.77,6.0
2025-06-23,DOL,8935.0,81703082.5,39.0
2025-06-23,IDI,2005.0,47777.84,4.0
2025-06-23,BGI,116.0,219070.5,10.0
2025-06-23,CCM,1424.0,527778.0,6.0
2025-06-23,SJC,48.0,43375.39,4.0
2025-06-23,ICF,0.0,0.0,0.0
2025-06-24,IDI,75000.0,13427250.0,9.0
2025-06-24,SJC,20.0,12647.96,2.0
2025-06-24,CCM,825.0,1345050.0,12.0
2025-06-24,ICF,20.0,165333.0,2.0
2025-06-24,BGI,3899.0,5987632.2,20.0
2025-06-24,DOL,54520.0,98712444.5,39.0
2025-06-25,DOL,7700.0,26545107.0,21.0
2025-06-25,SJC,0.0,0.0,0.0
2025-06-25,BGI,116.0,243764.4,5.0
2025-06-25,ICF,24.0,119818.04,4.0
2025-06-25,CCM,1014.0,1088365.5,23.0
2025-06-25,IDI,150604.0,15776146.86,39.0
2025-06-26,DOL,11120.0,23241075.0,27.0
2025-06-26,CCM,809.0,1843357.5,19.0
2025-06-26,SJC,0.0,0.0,0.0
2025-06-26,IDI,47713.0,7107636.0,8.0
2025-06-26,BGI,2406.0,1856167.5,20.0
2025-06-26,ICF,44.0,198344.68,7.0
2025-06-27,SJC,0.0,0.0,0.0
2025-06-27,DOL,3800.0,8233395.0,32.0
2025-06-27,CCM,1112.0,1536889.5,22.0
2025-06-27,BGI,98.0,155806.19999999998,15.0
2025-06-27,ICF,0.0,0.0,0.0
2025-06-27,IDI,13216.0,2364296.44,24.0
2025-06-30,CCM,817.0,477900.0,25.0
2025-06-30,IDI,13924.0,3550387.34,20.0
2025-06-30,SJC,0.0,0.0,0.0
2025-06-30,BGI,1616.0,4293861.0,12.0
2025-06-30,ICF,0.0,0.0,0.0
2025-06-30,DOL,9255.0,52589404.0,34.0
2025-07-01,CCM,3070.0,4596417.0,23.0
2025-07-01,DOL,22690.0,342941675.0,33.0
2025-07-01,SJC,0.0,0.0,0.0
2025-07-01,ICF,10.0,224093.7,1.0
2025-07-01,BGI,3863.0,5789906.1,27.0
2025-07-01,IDI,50018.0,9682270.0,15.0
2025-07-02,IDI,50235.0,2037942.06,30.0
2025-07-02,SJC,36.0,79084.83,1.0
2025-07-02,ICF,0.0,0.0,0.0
2025-07-02,DOL,29125.0,125971683.0,35.0
2025-07-02,BGI,2793.0,5452065.3,50.0
2025-07-02,CCM,1091.0,1511077.5,14.0
2025-07-03,CCM,1592.0,3170430.0,44.0
2025-07-03,BGI,6273.0,17403427.8,28.0
2025-07-03,SJC,10.0,19494.72,2.0
2025-07-03,ICF,6.0,24368.4,2.0
2025-07-03,DOL,390.0,903865.0,10.0
2025-07-03,IDI,40006.0,2584787.0,8.0
2025-07-04,SJC,0.0,0.0,0.0
2025-07-04,ICF,30.0,99922.67,3.0
2025-07-04,CCM,3220.0,2924109.0,20.0
2025-07-04,DOL,13460.0,74921650.0,12.0
2025-07-04,IDI,5004.0,430211.0,5.0
2025-07-04,BGI,710.0,669358.7999999999,19.0
2025-07-07,BGI,1624.0,4008180.0,23.0
2025-07-07,IDI,0.0,0.0,0.0
2025-07-07,CCM,1093.0,1724436.0,10.0
2025-07-07,DOL,88235.0,466980900.0,23.0
2025-07-07,SJC,0.0,0.0,0.0
2025-07-07,ICF,0.0,0.0,0.0
2025-07-08,IDI,16150.0,1330628.47,20.0
2025-07-08,BGI,2311.0,3497953.8,28.0
2025-07-08,CCM,1130.0,970920.0,11.0
2025-07-08,DOL,5065.0,22726160.75,17.0
2025-07-08,SJC,0.0,0.0,0.0
2025-07-08,ICF,2.0,12386.41,2.0
2025-07-09,DOL,7660.0,33978950.0,14.0
2025-07-09,IDI,120000.0,4436900.0,10.0
2025-07-09,ICF,0.0,0.0,0.0
2025-07-09,SJC,10.0,19239.35,2.0
2025-07-09,CCM,5180.0,5631736.5,21.0
2025-07-09,BGI,1644.0,447730.8,14.0
2025-07-10,SJC,40.0,69986.7,1.0
2025-07-10,ICF,10.0,11664.45,1.0
2025-07-10,CCM,5260.0,1997761.5,18.0
2025-07-10,DOL,21295.0,53429192.5,51.0
2025-07-10,IDI,220006.0,8504699.0,15.0
2025-07-10,BGI,3512.0,6247388.4,58.0
2025-07-11,IDI,4585.0,223555.85,7.0
2025-07-11,SJC,66.0,79046.66,2.0
2025-07-11,ICF,2.0,5544.8,1.0
2025-07-11,DOL,15565.0,52183487.5,19.0
2025-07-11,CCM,8437.0,1430167.5,14.0
2025-07-11,BGI,2914.0,2695766.7,28.0
2025-07-14,BGI,16727.0,38331988.2,46.0
2025-07-14,DOL,3050.0,11671141.75,20.0
2025-07-14,ICF,0.0,0.0,0.0
2025-07-14,SJC,0.0,0.0,0.0
2025-07-14,CCM,1505.0,1324048.5,14.0
2025-07-14,IDI,13.0,27926.0,4.0
2025-07-15,CCM,1381.0,839610.0,14.0
2025-07-15,BGI,13537.0,26575101.3,54.0
2025-07-15,IDI,1406.0,271690.6,13.0
2025-07-15,DOL,3310.0,11784722.5,19.0
2025-07-15,SJC,0.0,0.0,0.0
2025-07-15,ICF,22.0,93744.96,3.0
2025-07-16,BGI,11723.0,21717656.4,75.0
2025-07-16,CCM,904.0,852822.0,18.0
2025-07-16,DOL,2930.0,22452162.75,14.0
2025-07-16,SJC,0.0,0.0,0.0
2025-07-16,IDI,16476.0,1111694.52,16.0
2025-07-16,ICF,31.0,56713.380000000005,4.0
2025-07-17,BGI,12592.0,18027906.6,68.0
2025-07-17,DOL,20790.0,384127032.5,14.0
2025-07-17,CCM,513.0,506974.5,10.0
2025-07-17,IDI,88526.0,7166776.58,54.0
2025-07-17,SJC,0.0,0.0,0.0
2025-07-17,ICF,20.0,221848.0,2.0
2025-07-18,IDI,50000.0,1672000.0,4.0
2025-07-18,DOL,22405.0,59109465.5,39.0
2025-07-18,ICF,19.0,239675.15,5.0
2025-07-18,CCM,133.0,126855.0,9.0
2025-07-18,BGI,1473.0,2995769.7,38.0
2025-07-18,SJC,60.0,61877.97,4.0
2025-07-21,IDI,140000.0,57174000.0,6.0
2025-07-21,BGI,29201.0,63024449.4,56.0
2025-07-21,ICF,1.0,21186.41,1.0
2025-07-21,SJC,161.0,318004.87,3.0
2025-07-21,DOL,2080.0,9619997.5,9.0
2025-07-21,CCM,52.0,64620.0,4.0
2025-07-22,IDI,154768.0,13297896.08,16.0
2025-07-22,SJC,60.0,81903.68999999999,5.0
2025-07-22,DOL,11815.0,23318503.0,25.0
2025-07-22,ICF,0.0,0.0,0.0
2025-07-22,CCM,6739.0,6726303.0,18.0
2025-07-22,BGI,1544.0,2772749.1,32.0
2025-07-23,IDI,2020.0,579280.0,8.0
2025-07-23,CCM,1081.0,516222.0,11.0
2025-07-23,ICF,5.0,56820.98,2.0
2025-07-23,BGI,282.0,645417.3,32.0
2025-07-23,DOL,9465.0,12402067.5,22.0
2025-07-23,SJC,70.0,90610.15,5.0
2025-07-24,ICF,0.0,0.0,0.0
2025-07-24,CCM,1640.0,910800.0,6.0
2025-07-24,IDI,3650.0,168792.38,22.0
2025-07-24,BGI,349.0,598768.5,28.0
2025-07-24,DOL,35825.0,27265202.5,42.0
2025-07-24,SJC,60.0,114901.77,3.0
2025-07-25,DOL,1210.0,1366975.0,6.0
2025-07-25,CCM,525.0,955939.5,8.0
2025-07-25,BGI,1754.0,1488296.7,40.0
2025-07-25,SJC,0.0,0.0,0.0
2025-07-25,IDI,36.0,49985.0,5.0
2025-07-25,ICF,0.0,0.0,0.0
2025-07-28,SJC,0.0,0.0,0.0
2025-07-28,BGI,2949.0,5882586.6,46.0
2025-07-28,CCM,494.0,976536.0,12.0
2025-07-28,DOL,19265.0,47677564.75,34.0
2025-07-28,IDI,15000.0,315000.0,1.0
2025-07-28,ICF,0.0,0.0,0.0
2025-07-29,ICF,0.0,0.0,0.0
2025-07-29,SJC,0.0,0.0,0.0
2025-07-29,IDI,0.0,0.0,0.0
2025-07-29,BGI,267.0,538325.7,27.0
2025-07-29,DOL,18710.0,20965050.0,38.0
2025-07-29,CCM,1075.0,972315.0,14.0
2025-07-30,ICF,12.0,403653.67,3.0
2025-07-30,BGI,6595.0,43986973.8,84.0
2025-07-30,SJC,1.0,1401.49,1.0
2025-07-30,CCM,395.0,306351.0,11.0
2025-07-30,DOL,8570.0,7309105.0,21.0
2025-07-30,IDI,44.0,106839.0,8.0
2025-07-31,BGI,621.0,972589.2,40.0
2025-07-31,IDI,75006.0,4944569.0,9.0
2025-07-31,ICF,0.0,0.0,0.0
2025-07-31,SJC,0.0,0.0,0.0
2025-07-31,DOL,4860.0,3556000.0,12.0
2025-07-31,CCM,568.0,484056.0,26.0
2025-08-01,CCM,1454.0,1643697.0,26.0
2025-08-01,DOL,1695.0,5546940.0,16.0
2025-08-01,BGI,11697.0,10102389.0,43.0
2025-08-01,SJC,0.0,0.0,0.0
2025-08-01,ICF,21.0,41028.56,5.0
2025-08-01,IDI,19.0,27180.0,7.0
2025-08-04,IDI,0.0,0.0,0.0
2025-08-04,ICF,26.0,1156368.71,5.0
2025-08-04,DOL,15980.0,20125375.0,24.0
2025-08-04,SJC,0.0,0.0,0.0
2025-08-04,CCM,2103.0,1624662.0,14.0
2025-08-04,BGI,5401.0,9891512.4,35.0
2025-08-05,SJC,0.0,0.0,0.0
2025-08-05,DOL,9190.0,9794600.0,7.0
2025-08-05,ICF,25.0,1108197.88,3.0
2025-08-05,IDI,0.0,0.0,0.0
2025-08-05,CCM,394.0,351094.5,13.0
2025-08-05,BGI,3445.0,5668212.0,35.0
2025-08-06,SJC,0.0,0.0,0.0
2025-08-06,IDI,0.0,0.0,0.0
2025-08-06,ICF,0.0,0.0,0.0
2025-08-06,DOL,30345.0,43176197.5,40.0
2025-08-06,CCM,235.0,240502.5,14.0
2025-08-06,BGI,6312.0,5109462.6,53.0
2025-08-07,DOL,10965.0,13240394.0,33.0
2025-08-07,ICF,5.0,78959.75,1.0
2025-08-07,IDI,132166.0,27161402.72,21.0
2025-08-07,SJC,0.0,0.0,0.0
2025-08-07,BGI,2270.0,3219730.8000000003,32.0
2025-08-07,CCM,263.0,268335.0,6.0
2025-08-08,CCM,1443.0,1700694.0,18.0
2025-08-08,BGI,79.0,65719.5,6.0
2025-08-08,ICF,76.0,751620.9800000001,7.0
2025-08-08,IDI,120013.0,83397850.0,14.0
2025-08-08,DOL,8085.0,32554258.0,42.0
2025-08-08,SJC,40.0,48899.7,2.0
2025-08-11,SJC,60.0,105778.86,2.0
2025-08-11,IDI,1528.0,117892.06,11.0
2025-08-11,DOL,5795.0,10544710.0,10.0
2025-08-11,CCM,1482.0,800095.5,16.0
2025-08-11,BGI,1551.0,5350521.0,19.0
2025-08-11,ICF,0.0,0.0,0.0
2025-08-12,SJC,0.0,0.0,0.0
2025-08-12,IDI,52413.0,799499.45,11.0
2025-08-12,ICF,6.0,77042.68000000001,2.0
2025-08-12,DOL,13000.0,19893085.0,33.0
2025-08-12,CCM,5666.0,5678298.0,36.0
2025-08-12,BGI,611.0,1737951.6,25.0
2025-08-13,IDI,0.0,0.0,0.0
2025-08-13,ICF,0.0,0.0,0.0
2025-08-13,SJC,0.0,0.0,0.0
2025-08-13,BGI,0.0,0.0,0.0
2025-08-13,DOL,0.0,0.0,0.0
2025-08-13,CCM,0.0,0.0,0.0
2025-08-14,BGI,1088.0,1880854.8,15.0
2025-08-14,CCM,619.0,811926.0,12.0
2025-08-14,DOL,10865.0,6448852.0,19.0
2025-08-14,ICF,0.0,0.0,0.0
2025-08-14,SJC,187.0,311983.07,5.0
2025-08-14,IDI,0.0,0.0,0.0
2025-08-15,SJC,1.0,3062.48,1.0
2025-08-15,CCM,514.0,269793.0,16.0
2025-08-15,ICF,0.0,0.0,0.0
2025-08-15,BGI,594.0,1250683.5,29.0
2025-08-15,DOL,41450.0,464788509.5,23.0
2025-08-15,IDI,7467.0,71516.72,13.0
2025-08-18,SJC,0.0,0.0,0.0
2025-08-18,DOL,25755.0,100282002.25,24.0
2025-08-18,CCM,93.0,167517.0,6.0
2025-08-18,ICF,2.0,13302.18,2.0
2025-08-18,BGI,349.0,517918.5,15.0
2025-08-18,IDI,0.0,0.0,0.0
2025-08-19,ICF,15.0,312941.4,1.0
2025-08-19,IDI,4.0,2962.0,3.0
2025-08-19,SJC,0.0,0.0,0.0
2025-08-19,DOL,29175.0,370922552.0,64.0
2025-08-19,BGI,714.0,901632.6,16.0
2025-08-19,CCM,1876.0,1438726.5,21.0
2025-08-20,DOL,7595.0,18489049.0,17.0
2025-08-20,ICF,0.0,0.0,0.0
2025-08-20,CCM,743.0,598477.5,14.0
2025-08-20,SJC,26.0,43193.79,2.0
2025-08-20,BGI,2926.0,3151443.9,15.0
2025-08-20,IDI,27.0,38310.0,12.0
2025-08-21,ICF,0.0,0.0,0.0
2025-08-21,SJC,181.0,178008.26,33.0
2025-08-21,CCM,421.0,425565.0,13.0
2025-08-21,BGI,977.0,1096144.5,13.0
2025-08-21,IDI,51646.0,632138.6699999999,15.0
2025-08-21,DOL,4045.0,6084770.0,21.0
2025-08-22,ICF,7.0,62225.04,2.0
2025-08-22,SJC,469.0,823744.6200000001,37.0
2025-08-22,DOL,20810.0,30170295.5,33.0
2025-08-22,CCM,78.0,59895.0,4.0
2025-08-22,BGI,810.0,1466582.7,15.0
2025-08-22,IDI,756.0,56195.67,29.0
2025-08-25,BGI,54.0,55941.6,5.0
2025-08-25,CCM,29.0,52200.0,1.0
2025-08-25,DOL,7340.0,10212902.5,13.0
2025-08-25,ICF,5.0,46902.25,1.0
2025-08-25,IDI,10374.0,328342.28,3.0
2025-08-25,SJC,66.0,90993.07,3.0
2025-08-26,BGI,37.0,139662.6,7.0
2025-08-26,DOL,2540.0,3206656.0,20.0
2025-08-26,SJC,33.0,29985.99,25.0
2025-08-26,CCM,1344.0,405229.5,13.0
2025-08-26,IDI,0.0,0.0,0.0
2025-08-26,ICF,0.0,0.0,0.0
2025-08-27,ICF,10.0,281871.2,1.0
2025-08-27,IDI,1454.0,348453.71,29.0
2025-08-27,SJC,8.0,7122.66,4.0
2025-08-27,BGI,1645.0,4319172.0,12.0
2025-08-27,CCM,4747.0,626985.0,52.0
2025-08-27,DOL,3845.0,8149266.25,13.0
2025-08-28,CCM,2939.0,1060456.5,37.0
2025-08-28,BGI,12509.0,40905961.8,37.0
2025-08-28,DOL,10410.0,50944052.5,34.0
2025-08-28,SJC,6.0,5397.1900000000005,4.0
2025-08-28,IDI,0.0,0.0,0.0
2025-08-28,ICF,0.0,0.0,0.0
2025-08-29,ICF,100.0,3522302.04,6.0
2025-08-29,SJC,22.0,56432.31,3.0
2025-08-29,IDI,49.0,82446.0,16.0
2025-08-29,BGI,213.0,208088.1,17.0
2025-08-29,DOL,11905.0,22241402.75,22.0
2025-08-29,CCM,3389.0,2310543.0,23.0
2025-09-01,DOL,2130.0,9610850.0,16.0
2025-09-01,BGI,203.0,245424.3,17.0
2025-09-01,CCM,1484.0,1300324.5,14.0
2025-09-01,SJC,0.0,0.0,0.0
2025-09-01,IDI,6162.0,186818.82,15.0
2025-09-01,ICF,0.0,0.0,0.0
2025-09-02,SJC,0.0,0.0,0.0
2025-09-02,CCM,2440.0,598617.0,18.0
2025-09-02,IDI,2.0,2440.0,2.0
2025-09-02,BGI,2272.0,4256670.0,22.0
2025-09-02,DOL,945.0,1788123.5,8.0
2025-09-02,ICF,0.0,0.0,0.0
2025-09-03,DOL,16350.0,39260380.0,24.0
2025-09-03,BGI,4292.0,7614575.1,40.0
2025-09-03,CCM,2549.0,2323669.5,35.0
2025-09-03,SJC,0.0,0.0,0.0
2025-09-03,IDI,320015.0,72428989.0,19.0
2025-09-03,ICF,60.0,453674.71,6.0
2025-09-04,DOL,1355.0,6920087.75,7.0
2025-09-04,IDI,500014.0,127963776.0,30.0
2025-09-04,ICF,0.0,0.0,0.0
2025-09-04,SJC,12.0,12642.12,2.0
2025-09-04,BGI,2959.0,6375365.7,19.0
2025-09-04,CCM,229.0,106911.0,12.0
2025-09-05,DOL,11775.0,24711340.0,25.0
2025-09-05,CCM,3355.0,4427730.0,11.0
2025-09-05,BGI,8298.0,19070089.5,21.0
2025-09-05,IDI,422685.0,153091994.14000002,160.0
2025-09-05,ICF,9.0,89240.25,6.0
2025-09-05,SJC,0.0,0.0,0.0
2025-09-08,SJC,0.0,0.0,0.0
2025-09-08,IDI,2035.0,239158.41,15.0
2025-09-08,ICF,40.0,279953.33,4.0
2025-09-08,CCM,530.0,356661.0,15.0
2025-09-08,BGI,61.0,74860.5,3.0
2025-09-08,DOL,4790.0,12244375.0,13.0
2025-09-09,CCM,165.0,223843.5,6.0
2025-09-09,DOL,310.0,116575.0,3.0
2025-09-09,BGI,449.0,840005.1,14.0
2025-09-09,SJC,0.0,0.0,0.0
2025-09-09,IDI,4902.0,79946.5,5.0
2025-09-09,ICF,45.0,984930.38,3.0
2025-09-10,SJC,0.0,0.0,0.0
2025-09-10,CCM,3591.0,4091251.5,22.0
2025-09-10,DOL,1015.0,3255200.0,15.0
2025-09-10,IDI,0.0,0.0,0.0
2025-09-10,ICF,0.0,0.0,0.0
2025-09-10,BGI,404.0,689221.5,28.0
2025-09-11,ICF,0.0,0.0,0.0
2025-09-11,SJC,0.0,0.0,0.0
2025-09-11,CCM,8475.0,10078533.0,28.0
2025-09-11,BGI,14083.0,23020387.5,78.0
2025-09-11,IDI,200004.0,61469936.0,9.0
2025-09-11,DOL,19345.0,95931337.75,21.0
2025-09-12,IDI,25521.0,948413.72,23.0
2025-09-12,ICF,0.0,0.0,0.0
2025-09-12,SJC,0.0,0.0,0.0
2025-09-12,BGI,177.0,481371.0,17.0
2025-09-12,CCM,3412.0,3737452.5,19.0
2025-09-12,DOL,4375.0,4899629.0,25.0
2025-09-15,BGI,466.0,543021.6,15.0
2025-09-15,DOL,4840.0,14154556.0,25.0
2025-09-15,CCM,1000.0,801900.0,5.0
2025-09-15,IDI,14237.0,3084431.48,49.0
2025-09-15,ICF,31.0,1013059.06,5.0
2025-09-15,SJC,0.0,0.0,0.0
2025-09-16,ICF,0.0,0.0,0.0
2025-09-16,DOL,7790.0,31235300.0,24.0
2025-09-16,BGI,498.0,769249.8,40.0
2025-09-16,CCM,2752.0,3060765.0,13.0
2025-09-16,SJC,0.0,0.0,0.0
2025-09-16,IDI,17346.0,6147705.18,30.0
2025-09-17,BGI,598.0,243388.2,16.0
2025-09-17,CCM,8700.0,6286950.0,21.0
2025-09-17,DOL,3945.0,11987497.5,23.0
2025-09-17,ICF,0.0,0.0,0.0
2025-09-17,IDI,9.0,9279.0,1.0
2025-09-17,SJC,1.0,1239.59,1.0
2025-09-18,IDI,0.0,0.0,0.0
2025-09-18,CCM,511.0,450054.0,11.0
2025-09-18,BGI,191.0,296432.4,19.0
2025-09-18,DOL,43895.0,517573429.0,20.0
2025-09-18,SJC,10.0,9419.67,2.0
2025-09-18,ICF,40.0,869631.54,4.0
2025-09-19,CCM,653.0,326187.0,14.0
2025-09-19,IDI,60015.0,2631606.0,11.0
2025-09-19,ICF,0.0,0.0,0.0
2025-09-19,BGI,598.0,1573641.3,22.0
2025-09-19,DOL,4470.0,21139500.0,12.0
2025-09-19,SJC,164.0,267407.13,4.0
2025-09-22,BGI,278.0,429607.2,21.0
2025-09-22,IDI,0.0,0.0,0.0
2025-09-22,CCM,433.0,340200.0,9.0
2025-09-22,ICF,32.0,498227.54,4.0
2025-09-22,SJC,422.0,788284.28,7.0
2025-09-22,DOL,25300.0,100543442.5,31.0
2025-09-23,ICF,30.0,611897.87,9.0
2025-09-23,DOL,24505.0,44318491.5,26.0
2025-09-23,BGI,5082.0,11468899.2,25.0
2025-09-23,CCM,608.0,459697.5,13.0
2025-09-23,SJC,67.0,88069.55,4.0
2025-09-23,IDI,15986.0,2579879.16,24.0
2025-09-24,SJC,2.0,2827.3,1.0
2025-09-24,BGI,7136.0,12566040.3,33.0
2025-09-24,CCM,523.0,502686.0,16.0
2025-09-24,ICF,10.0,94509.87,1.0
2025-09-24,IDI,15.0,10395.0,1.0
2025-09-24,DOL,4025.0,5347473.5,23.0
2025-09-25,IDI,0.0,0.0,0.0
2025-09-25,SJC,0.0,0.0,0.0
2025-09-25,ICF,40.0,536240.0,2.0
2025-09-25,CCM,176.0,133519.5,13.0
2025-09-25,BGI,17992.0,36908625.6,44.0
2025-09-25,DOL,17055.0,71164058.25,27.0
2025-09-26,SJC,0.0,0.0,0.0
2025-09-26,DOL,350.0,1119257.5,3.0
2025-09-26,ICF,0.0,0.0,0.0
2025-09-26,IDI,0.0,0.0,0.0
2025-09-26,BGI,28749.0,66975430.5,80.0
2025-09-26,CCM,99.0,83394.0,3.0
2025-09-29,ICF,0.0,0.0,0.0
2025-09-29,IDI,31.0,47730.0,8.0
2025-09-29,SJC,0.0,0.0,0.0
2025-09-29,DOL,2935.0,6580850.5,25.0
2025-09-29,BGI,1174.0,9032166.0,16.0
2025-09-29,CCM,226.0,170235.0,4.0
2025-09-30,DOL,4710.0,9674009.0,29.0
2025-09-30,SJC,40.0,62267.4,2.0
2025-09-30,IDI,145991.0,14143028.17,125.0
2025-09-30,BGI,69.0,450885.6,6.0
2025-09-30,ICF,0.0,0.0,0.0
2025-09-30,CCM,199.0,211410.0,4.0
2025-10-01,BGI,73.0,212605.8,11.0
2025-10-01,IDI,11282.0,1126875.99,24.0
2025-10-01,ICF,0.0,0.0,0.0
2025-10-01,SJC,124.0,178634.83000000002,48.0
2025-10-01,CCM,122.0,65727.0,2.0
2025-10-01,DOL,9335.0,70382025.0,44.0
2025-10-02,BGI,299.0,538721.7,20.0
2025-10-02,ICF,0.0,0.0,0.0
2025-10-02,SJC,0.0,0.0,0.0
2025-10-02,IDI,57.0,23287.7,21.0
2025-10-02,DOL,16045.0,136569048.5,52.0
2025-10-02,CCM,1415.0,396778.5,12.0
2025-10-03,BGI,5056.0,3344464.2,18.0
2025-10-03,CCM,3676.0,2998822.5,17.0
2025-10-03,DOL,14675.0,23247475.0,21.0
2025-10-03,IDI,150008.0,719200.0,7.0
2025-10-03,SJC,20.0,31217.94,2.0
2025-10-03,ICF,0.0,0.0,0.0
2025-10-06,SJC,0.0,0.0,0.0
2025-10-06,CCM,2500.0,499725.0,11.0
2025-10-06,ICF,20.0,367899.84,2.0
2025-10-06,DOL,1090.0,3277925.0,12.0
2025-10-06,BGI,1394.0,2057579.7,36.0
2025-10-06,IDI,500.0,30829.0,7.0
2025-10-07,SJC,0.0,0.0,0.0
2025-10-07,IDI,36552.0,4034527.09,131.0
2025-10-07,ICF,0.0,0.0,0.0
2025-10-07,CCM,3000.0,1208025.0,19.0
2025-10-07,DOL,5360.0,30012076.0,25.0
2025-10-07,BGI,94.0,349882.5,9.0
2025-10-08,IDI,103972.0,18665100.57,32.0
2025-10-08,SJC,0.0,0.0,0.0
2025-10-08,ICF,0.0,0.0,0.0
2025-10-08,CCM,347.0,232209.0,9.0
2025-10-08,DOL,7000.0,55310300.0,18.0
2025-10-08,BGI,206.0,121334.4,17.0
2025-10-09,IDI,252542.0,42422240.0,39.0
2025-10-09,CCM,998.0,409059.0,9.0
2025-10-09,SJC,0.0,0.0,0.0
2025-10-09,ICF,0.0,0.0,0.0
2025-10-09,DOL,2445.0,15808500.0,12.0
2025-10-09,BGI,59.0,60538.5,10.0
2025-10-10,IDI,6.0,2728.0,3.0
2025-10-10,ICF,0.0,0.0,0.0
2025-10-10,SJC,40.0,46991.65,2.0
2025-10-10,CCM,1264.0,1148908.5,18.0
2025-10-10,DOL,25755.0,341528792.5,36.0
2025-10-10,BGI,147.0,195789.0,12.0
2025-10-13,ICF,0.0,0.0,0.0
2025-10-13,DOL,5815.0,55917000.0,19.0
2025-10-13,CCM,853.0,857655.0,10.0
2025-10-13,IDI,10.0,7463.0,4.0
2025-10-13,BGI,1274.0,1201926.0,10.0
2025-10-13,SJC,30.0,42293.2,2.0
2025-10-14,CCM,300.0,191700.0,4.0
2025-10-14,ICF,2.0,77761.25,2.0
2025-10-14,DOL,2415.0,6433663.25,15.0
2025-10-14,SJC,6.0,7303.43,6.0
2025-10-14,IDI,754.0,278358.5,4.0
2025-10-14,BGI,624.0,238240.2,10.0
2025-10-15,IDI,430005.0,172540213.0,24.0
2025-10-15,ICF,0.0,0.0,0.0
2025-10-15,SJC,40.0,94308.99,5.0
2025-10-15,DOL,8060.0,48301500.0,9.0
2025-10-15,CCM,362.0,133470.0,5.0
2025-10-15,BGI,2985.0,3572180.7,33.0
2025-10-16,ICF,0.0,0.0,0.0
2025-10-16,IDI,760109.0,198073415.0,36.0
2025-10-16,SJC,23.0,53363.490000000005,5.0
2025-10-16,BGI,214.0,243302.4,22.0
2025-10-16,DOL,13125.0,46847250.0,16.0
2025-10-16,CCM,2078.0,644382.0,15.0
2025-10-17,DOL,11500.0,22314500.0,13.0
2025-10-17,ICF,0.0,0.0,0.0
2025-10-17,BGI,240.0,989336.7,16.0
2025-10-17,IDI,22995.0,2725246.6,28.0
2025-10-17,SJC,161.0,262736.52,7.0
2025-10-17,CCM,2092.0,1809517.5,27.0
2025-10-20,ICF,1.0,40964.7,1.0
2025-10-20,DOL,1915.0,4225375.0,12.0
2025-10-20,IDI,60000.0,15881920.0,7.0
2025-10-20,SJC,1.0,2053.6,1.0
2025-10-20,CCM,729.0,246213.0,12.0
2025-10-20,BGI,2563.0,2314230.6,21.0
2025-10-21,IDI,256003.0,23334434.67,88.0
2025-10-21,SJC,1.0,387.6,1.0
2025-10-21,ICF,4.0,47158.58,2.0
2025-10-21,CCM,642.0,447714.0,15.0
2025-10-21,DOL,1335.0,4409752.0,10.0
2025-10-21,BGI,2635.0,4643816.1,22.0
2025-10-22,DOL,280.0,371915.0,5.0
2025-10-22,CCM,1670.0,662175.0,8.0
2025-10-22,ICF,20.0,638516.4,2.0
2025-10-22,IDI,220814.0,39125402.0,17.0
2025-10-22,SJC,0.0,0.0,0.0
2025-10-22,BGI,2209.0,4092732.6,19.0
2025-10-23,ICF,0.0,0.0,0.0
2025-10-23,SJC,15.0,27227.64,1.0
2025-10-23,IDI,2015.0,107175.0,9.0
2025-10-23,CCM,1261.0,765877.5,14.0
2025-10-23,BGI,1238.0,672658.8,19.0
2025-10-23,DOL,1770.0,2714776.5,2.0
2025-10-24,CCM,1795.0,1145241.0,25.0
2025-10-24,DOL,9525.0,5148408.5,15.0
2025-10-24,BGI,982.0,931378.8,18.0
2025-10-24,SJC,2.0,4607.5,1.0
2025-10-24,ICF,3.0,18995.87,1.0
2025-10-24,IDI,21.0,12584.0,6.0
2025-10-27,SJC,164.0,214649.85,7.0
2025-10-27,DOL,820.0,346500.0,4.0
2025-10-27,BGI,416.0,689772.6,22.0
2025-10-27,IDI,4520.0,96622.0,9.0
2025-10-27,ICF,0.0,0.0,0.0
2025-10-27,CCM,101.0,191376.0,2.0
2025-10-28,SJC,190.0,303284.0,9.0
2025-10-28,ICF,0.0,0.0,0.0
2025-10-28,IDI,5.0,2013.0,3.0
2025-10-28,CCM,526.0,526932.0,8.0
2025-10-28,DOL,29980.0,363680780.5,22.0
2025-10-28,BGI,772.0,471956.1,18.0
2025-10-29,BGI,2740.0,1994721.3,21.0
2025-10-29,ICF,80.0,2027423.19,8.0
2025-10-29,SJC,118.0,260582.55,9.0
2025-10-29,DOL,11670.0,8473390.5,19.0
2025-10-29,CCM,250.0,100062.0,6.0
2025-10-29,IDI,103805.0,15313173.49,66.0
2025-10-30,CCM,1726.0,1367086.5,12.0
2025-10-30,BGI,1987.0,16884654.6,35.0
2025-10-30,DOL,2690.0,4006722.5,20.0
2025-10-30,ICF,25.0,903920.33,2.0
2025-10-30,IDI,23.0,16574.0,11.0
2025-10-30,SJC,339.0,662832.77,14.0
2025-10-31,CCM,239.0,135787.5,3.0
2025-10-31,ICF,0.0,0.0,0.0
2025-10-31,DOL,1790.0,26348601.0,16.0
2025-10-31,SJC,351.0,608863.84,14.0
2025-10-31,BGI,718.0,1515792.3,29.0
2025-10-31,IDI,41127.0,6512887.41,126.0
2025-11-03,IDI,0.0,0.0,0.0
2025-11-03,SJC,86.0,176159.28,9.0
2025-11-03,ICF,0.0,0.0,0.0
2025-11-03,CCM,1491.0,902970.0,13.0
2025-11-03,BGI,2866.0,1300487.1,30.0
2025-11-03,DOL,8785.0,60009275.0,26.0
2025-11-04,DOL,9480.0,25739784.0,20.0
2025-11-04,BGI,6426.0,9193133.4,49.0
2025-11-04,SJC,391.0,696872.69,13.0
2025-11-04,IDI,18817.0,416518.12,12.0
2025-11-04,ICF,0.0,0.0,0.0
2025-11-04,CCM,1044.0,510853.5,12.0
2025-11-05,IDI,290803.0,69110689.07,48.0
2025-11-05,SJC,246.0,459713.74,10.0
2025-11-05,DOL,8095.0,17076027.5,24.0
2025-11-05,BGI,4260.0,4222680.0,27.0
2025-11-05,CCM,1509.0,721984.5,13.0
2025-11-05,ICF,20.0,530541.0,2.0
2025-11-06,BGI,11267.0,24273942.0,35.0
2025-11-06,CCM,153.0,71010.0,4.0
2025-11-06,DOL,1650.0,3041676.0,12.0
2025-11-06,SJC,117.0,180908.63,5.0
2025-11-06,IDI,0.0,0.0,0.0
2025-11-06,ICF,0.0,0.0,0.0
2025-11-07,ICF,0.0,0.0,0.0
2025-11-07,BGI,4573.0,8643921.0,31.0
2025-11-07,DOL,5560.0,8072310.0,17.0
2025-11-07,SJC,123.0,216701.21,8.0
2025-11-07,IDI,256648.0,61569534.0,29.0
2025-11-07,CCM,1180.0,841950.0,11.0
2025-11-10,BGI,4662.0,5783448.0,23.0
2025-11-10,CCM,1155.0,574605.0,7.0
2025-11-10,DOL,56340.0,84180980.0,24.0
2025-11-10,ICF,0.0,0.0,0.0
2025-11-10,SJC,32.0,44207.69,4.0
2025-11-10,IDI,1000.0,14000.0,1.0
2025-11-11,DOL,7520.0,6827559.75,25.0
2025-11-11,CCM,59.0,36585.0,5.0
2025-11-11,BGI,277.0,219040.8,20.0
2025-11-11,ICF,80.0,3968204.47,4.0
2025-11-11,SJC,0.0,0.0,0.0
2025-11-11,IDI,26293.0,1289494.66,71.0
2025-11-12,SJC,81.0,29522.1,4.0
2025-11-12,IDI,292039.0,153810288.0,16.0
2025-11-12,ICF,0.0,0.0,0.0
2025-11-12,BGI,124.0,120865.8,13.0
2025-11-12,CCM,550.0,163629.0,18.0
2025-11-12,DOL,1450.0,4945303.0,13.0
2025-11-13,SJC,73.0,115106.37,7.0
2025-11-13,CCM,33.0,31455.0,3.0
2025-11-13,ICF,25.0,738010.11,5.0
2025-11-13,BGI,446.0,497006.4,10.0
2025-11-13,DOL,4885.0,3409999.5,14.0
2025-11-13,IDI,0.0,0.0,0.0
2025-11-14,CCM,1218.0,265842.0,6.0
2025-11-14,BGI,1000.0,815100.0,2.0
2025-11-14,SJC,71.0,136574.65999999997,5.0
2025-11-14,IDI,11375.0,880238.41,33.0
2025-11-14,ICF,25.0,626638.9400000001,6.0
2025-11-14,DOL,12440.0,25377996.5,12.0
2025-11-17,BGI,289.0,170187.6,5.0
2025-11-17,DOL,12275.0,27753758.5,18.0
2025-11-17,CCM,73.0,101196.0,5.0
2025-11-17,ICF,0.0,0.0,0.0
2025-11-17,SJC,25.0,29537.54,3.0
2025-11-17,IDI,2.0,1490.0,2.0
2025-11-18,BGI,473.0,671682.0,20.0
2025-11-18,DOL,23780.0,122397531.25,23.0
2025-11-18,CCM,767.0,435262.5,8.0
2025-11-18,SJC,80.0,188462.8,4.0
2025-11-18,ICF,20.0,471157.02,2.0
2025-11-18,IDI,19.0,6297.0,8.0
2025-11-19,IDI,39.0,23400.3,9.0
2025-11-19,SJC,28.0,56794.85,4.0
2025-11-19,BGI,3310.0,879040.8,17.0
2025-11-19,CCM,524.0,686160.0,7.0
2025-11-19,DOL,23110.0,91382485.0,19.0
2025-11-19,ICF,0.0,0.0,0.0
2025-11-21,CCM,1999.0,2149479.0,13.0
2025-11-21,IDI,139.0,95816.0,12.0
2025-11-21,BGI,7182.0,5995717.2,35.0
2025-11-21,SJC,0.0,0.0,0.0
2025-11-21,ICF,6.0,64673.79000000001,3.0
2025-11-21,DOL,3180.0,30139250.0,16.0
2025-11-24,ICF,0.0,0.0,0.0
2025-11-24,BGI,1053.0,1685178.0,20.0
2025-11-24,CCM,1412.0,648576.0,11.0
2025-11-24,IDI,48561.0,11575720.2,98.0
2025-11-24,DOL,500.0,1180442.5,7.0
2025-11-24,SJC,40.0,92223.72,2.0
2025-11-25,CCM,2375.0,1139332.5,15.0
2025-11-25,IDI,89818.0,16840768.0,25.0
2025-11-25,SJC,11.0,30916.79,3.0
2025-11-25,ICF,20.0,461252.22,2.0
2025-11-25,BGI,8266.0,6659452.8,30.0
2025-11-25,DOL,39830.0,514578005.0,27.0
2025-11-26,SJC,40.0,52846.2,2.0
2025-11-26,ICF,2.0,25462.26,1.0
2025-11-26,IDI,48322.0,44117315.15,39.0
2025-11-26,BGI,1560.0,3086985.0,4.0
2025-11-26,DOL,2335.0,5768373.0,14.0
2025-11-26,CCM,1531.0,946912.5,10.0
2025-11-27,BGI,27306.0,21950742.0,62.0
2025-11-27,DOL,1100.0,1647250.0,4.0
2025-11-27,CCM,6403.0,1469790.0,38.0
2025-11-27,SJC,0.0,0.0,0.0
2025-11-27,ICF,0.0,0.0,0.0
2025-11-27,IDI,76.0,36667.0,9.0
2025-11-28,ICF,0.0,0.0,0.0
2025-11-28,IDI,123512.0,14086541.2,40.0
2025-11-28,SJC,0.0,0.0,0.0
2025-11-28,BGI,52.0,120978.0,4.0
2025-11-28,CCM,2526.0,2362635.0,11.0
2025-11-28,DOL,19500.0,29115125.0,21.0
2025-12-01,DOL,765.0,1341147.0,15.0
2025-12-01,ICF,2.0,25511.22,1.0
2025-12-01,IDI,194000.0,33659888.0,10.0
2025-12-01,SJC,0.0,0.0,0.0
2025-12-01,BGI,123.0,120235.5,3.0
2025-12-01,CCM,906.0,648715.5,19.0
2025-12-02,SJC,0.0,0.0,0.0
2025-12-02,ICF,0.0,0.0,0.0
2025-12-02,IDI,121.0,125345.0,9.0
2025-12-02,DOL,21365.0,39273211.0,19.0
2025-12-02,BGI,425.0,492508.5,15.0
2025-12-02,CCM,4519.0,3539947.5,26.0
2025-12-03,BGI,8527.0,10923973.5,22.0
2025-12-03,CCM,1919.0,1946416.5,24.0
2025-12-03,DOL,36720.0,70085660.0,29.0
2025-12-03,ICF,0.0,0.0,0.0
2025-12-03,SJC,0.0,0.0,0.0
2025-12-03,IDI,64.0,93881.0,12.0
2025-12-04,CCM,1033.0,600921.0,27.0
2025-12-04,SJC,87.0,146685.84,9.0
2025-12-04,BGI,1133.0,484185.9,10.0
2025-12-04,ICF,0.0,0.0,0.0
2025-12-04,IDI,80861.0,3526616.67,33.0
2025-12-04,DOL,3790.0,7419271.25,16.0
2025-12-05,CCM,1519.0,1068165.0,10.0
2025-12-05,IDI,9193.0,690320.6699999999,22.0
2025-12-05,SJC,21.0,29223.42,3.0
2025-12-05,BGI,102.0,156387.0,4.0
2025-12-05,DOL,8660.0,9230625.0,16.0
2025-12-05,ICF,0.0,0.0,0.0
2025-12-08,BGI,0.0,0.0,0.0
2025-12-08,DOL,25975.0,371529562.5,15.0
2025-12-08,CCM,886.0,724414.5,14.0
2025-12-08,IDI,0.0,0.0,0.0
2025-12-08,ICF,12.0,1579976.28,1.0
2025-12-08,SJC,11.0,13044.55,2.0
2025-12-09,SJC,60.0,49928.18,3.0
2025-12-09,ICF,40.0,815820.0,2.0
2025-12-09,IDI,4852.0,1192532.24,18.0
2025-12-09,CCM,3279.0,3476992.5,14.0
2025-12-09,BGI,488.0,419799.6,14.0
2025-12-09,DOL,11685.0,30823375.0,22.0
2025-12-10,CCM,1055.0,886554.0,27.0
2025-12-10,BGI,2517.0,1476601.5,17.0
2025-12-10,DOL,11905.0,12539676.25,17.0
2025-12-10,IDI,15279.0,282214.97,20.0
2025-12-10,ICF,0.0,0.0,0.0
2025-12-10,SJC,50.0,92976.68,3.0
2025-12-11,DOL,20215.0,37115113.0,7.0
2025-12-11,CCM,2779.0,2262307.5,14.0
2025-12-11,BGI,183.0,153054.0,10.0
2025-12-11,SJC,0.0,0.0,0.0
2025-12-11,ICF,0.0,0.0,0.0
2025-12-11,IDI,26387.0,528498.24,57.0
2025-12-12,DOL,0.0,0.0,0.0
2025-12-12,SJC,0.0,0.0,0.0
2025-12-12,BGI,0.0,0.0,0.0
2025-12-12,IDI,0.0,0.0,0.0
2025-12-12,CCM,0.0,0.0,0.0
2025-12-12,ICF,0.0,0.0,0.0
2025-12-22,IDI,55000.0,7448650.0,11.0
2025-12-23,BGI,0.0,0.0,0.0
2025-12-23,DOL,0.0,0.0,0.0
2025-12-23,IDI,0.0,0.0,0.0
2025-12-23,ICF,0.0,0.0,0.0
2025-12-23,SJC,0.0,0.0,0.0
2025-12-26,SJC,0.0,0.0,0.0
2025-12-26,CCM,300.0,334125.0,2.0
2025-12-30,SJC,0.0,0.0,0.0
2025-12-30,DOL,1690.0,3521010.0,26.0
2025-12-30,IDI,10018.0,141100.0,6.0
2025-12-30,ICF,1.0,3376.9,1.0
2025-12-30,BGI,34.0,59301.0,6.0
2025-12-30,CCM,1430.0,1448784.0,10.0
2026-01-02,SJC,0.0,0.0,0.0
2026-01-02,ICF,0.0,0.0,0.0
2026-01-02,IDI,0.0,0.0,0.0
2026-01-02,BGI,0.0,0.0,0.0
2026-01-02,DOL,8245.0,27820310.5,10.0
2026-01-05,IDI,444.0,1465200.0,8.0
2026-01-05,BGI,7599.0,1338605.4,12.0
2026-01-05,ICF,0.0,0.0,0.0
2026-01-05,CCM,2064.0,710766.0,22.0
2026-01-05,DOL,34800.0,55130596.25,42.0
2026-01-05,SJC,5.0,8255.4,5.0
2026-01-08,IDI,13.0,9400.0,6.0
2026-01-13,DOL,2560.0,14561978.5,5.0
2026-01-13,SJC,120.0,271459.48,6.0
2026-01-14,IDI,12.0,3534.0,4.0
2026-01-14,CCM,4963.0,3957381.0,39.0
2026-01-14,BGI,87.0,126802.5,12.0
2026-01-14,DOL,10775.0,41119816.25,12.0
2026-01-14,SJC,33.0,40002.42,4.0
2026-01-14,ICF,0.0,0.0,0.0
2026-01-15,ICF,0.0,0.0,0.0
2026-01-15,DOL,30660.0,243386501.0,13.0
2026-01-15,SJC,0.0,0.0,0.0
2026-01-15,BGI,54.0,26070.0,5.0
2026-01-15,CCM,1016.0,617166.0,11.0
2026-01-16,CCM,217.0,245745.0,4.0
2026-01-16,DOL,915.0,2165365.0,5.0
2026-01-16,BGI,904.0,1762200.0,36.0
2026-01-16,SJC,11.0,18070.03,1.0
2026-01-16,ICF,0.0,0.0,0.0
2026-01-16,IDI,201120.0,33217805.0,22.0
2026-01-19,ICF,6.0,71237.13,3.0
2026-01-19,CCM,3254.0,3075714.0,19.0
2026-01-19,DOL,920.0,3159500.0,6.0
2026-01-19,SJC,0.0,0.0,0.0
2026-01-19,BGI,4742.0,9466083.0,14.0
2026-01-20,CCM,833.0,685530.0,15.0
2026-01-20,SJC,5.0,3627.92,1.0
2026-01-20,DOL,30840.0,484165250.0,24.0
2026-01-20,ICF,0.0,0.0,0.0
2026-01-20,BGI,293.0,439520.4,18.0
2026-01-22,ICF,0.0,0.0,0.0
2026-01-22,BGI,49.0,42797.7,7.0
2026-01-22,DOL,5530.0,11903004.0,20.0
2026-01-22,CCM,4212.0,2732836.5,32.0
2026-01-22,IDI,25002.0,3144400.0,4.0
2026-01-22,SJC,15.0,46376.75,1.0
2026-01-23,CCM,1515.0,961681.5,16.0
2026-01-23,DOL,1945.0,16247805.5,14.0
2026-01-23,BGI,93.0,151899.0,10.0
2026-01-23,SJC,0.0,0.0,0.0
2026-01-23,IDI,7296.0,742780.96,25.0
2026-01-23,ICF,0.0,0.0,0.0
2026-01-26,CCM,3071.0,1071040.5,17.0
2026-01-26,DOL,7235.0,7860050.0,12.0
2026-01-26,IDI,9.0,5505.0,4.0
2026-01-26,BGI,353.0,645909.0,18.0
2026-01-26,SJC,11.0,22181.94,1.0
2026-01-26,ICF,0.0,0.0,0.0
2026-01-27,BGI,717.0,874556.1,25.0
2026-01-27,DOL,12530.0,18929855.25,31.0
2026-01-27,CCM,948.0,958563.0,19.0
2026-01-27,ICF,0.0,0.0,0.0
2026-01-27,SJC,0.0,0.0,0.0
2026-01-27,IDI,40000.0,582800.0,4.0
2026-01-28,ICF,40.0,686724.62,3.0
2026-01-28,BGI,395.0,460584.3,31.0
2026-01-28,DOL,13160.0,68608598.5,34.0
2026-01-28,CCM,3343.0,2973343.5,31.0
2026-01-28,SJC,1.0,1994.85,1.0
2026-01-28,IDI,34.0,20980.0,12.0
2026-01-29,SJC,1.0,1051.6,1.0
2026-01-29,ICF,0.0,0.0,0.0
2026-01-29,IDI,0.0,0.0,0.0
2026-01-29,BGI,4339.0,28715897.1,39.0
2026-01-29,CCM,1796.0,1184283.0,16.0
2026-01-29,DOL,34850.0,257041548.5,29.0
2026-01-30,BGI,4142.0,4276196.1,60.0
2026-01-30,CCM,1768.0,1412262.0,20.0
2026-01-30,DOL,7060.0,20329255.0,16.0
2026-01-30,SJC,30.0,90584.22,2.0
2026-01-30,IDI,0.0,0.0,0.0
2026-01-30,ICF,0.0,0.0,0.0
2026-02-02,ICF,80.0,574775.9,4.0
2026-02-02,SJC,0.0,0.0,0.0
2026-02-02,IDI,100023.0,26895830.0,13.0
2026-02-02,DOL,5730.0,10268499.0,31.0
2026-02-02,BGI,5330.0,14342149.8,39.0
2026-02-02,CCM,650.0,496462.5,10.0
2026-02-03,ICF,19.0,295394.97,5.0
2026-02-03,DOL,3830.0,10600588.0,14.0
2026-02-03,IDI,4000.0,32000.0,1.0
2026-02-03,SJC,6.0,10603.3,2.0
2026-02-03,BGI,356.0,532204.2,23.0
2026-02-03,CCM,2099.0,1271578.5,21.0
2026-02-04,ICF,64.0,730720.12,4.0
2026-02-04,SJC,289.0,254478.11,9.0
2026-02-04,IDI,56019.0,1325025.0,16.0
2026-02-04,BGI,694.0,1487379.3,46.0
2026-02-04,CCM,1198.0,369045.0,23.0
2026-02-04,DOL,2050.0,794250.0,3.0
2026-02-05,SJC,101.0,165316.71,8.0
2026-02-05,ICF,27.0,454049.34,5.0
2026-02-05,BGI,1873.0,2718592.8,45.0
2026-02-05,CCM,481.0,404442.0,8.0
2026-02-05,DOL,2680.0,11055712.5,12.0
2026-02-06,BGI,760.0,1051785.9,35.0
2026-02-06,CCM,515.0,488236.5,7.0
2026-02-06,SJC,224.0,324755.17000000004,14.0
2026-02-06,DOL,1475.0,3549802.5,7.0
2026-02-06,ICF,0.0,0.0,0.0
2026-02-09,IDI,84033.0,8056384.58,78.0
2026-02-09,BGI,3681.0,2335278.0,20.0
2026-02-09,ICF,0.0,0.0,0.0
2026-02-09,SJC,0.0,0.0,0.0
2026-02-10,SJC,49.0,54648.14,7.0
2026-02-10,IDI,2000.0,16000.0,1.0
2026-02-10,ICF,141.0,2298417.39,7.0
2026-02-10,DOL,810.0,1198965.0,7.0
2026-02-10,BGI,4124.0,4292781.9,15.0
2026-02-10,CCM,3299.0,1419003.0,10.0
2026-02-11,SJC,0.0,0.0,0.0
2026-02-11,ICF,0.0,0.0,0.0
2026-02-11,BGI,0.0,0.0,0.0
2026-02-11,DOL,0.0,0.0,0.0
2026-02-12,BGI,126.0,150179.7,17.0
2026-02-12,CCM,3124.0,1233103.5,10.0
2026-02-12,DOL,51330.0,335695250.5,27.0
2026-02-12,ICF,1.0,5645.36,1.0
2026-02-12,SJC,694.0,701481.9299999999,7.0
2026-02-13,IDI,0.0,0.0,0.0
2026-02-13,ICF,0.0,0.0,0.0
2026-02-18,CCM,19.0,37192.5,1.0
2026-02-18,BGI,2.0,4610.1,2.0
2026-02-18,DOL,305.0,437625.0,7.0
2026-02-18,IDI,0.0,0.0,0.0
2026-02-18,ICF,0.0,0.0,0.0
2026-02-18,SJC,22.0,26740.22,3.0
2026-02-20,SJC,0.0,0.0,0.0
2026-02-26,CCM,2733.0,2024010.0,12.0
2026-02-26,BGI,6109.0,14717221.2,32.0
2026-02-26,DOL,26135.0,156703684.5,10.0
2026-02-26,SJC,0.0,0.0,0.0
2026-02-26,IDI,206195.0,45481244.75,30.0
2026-02-26,ICF,0.0,0.0,0.0
2026-02-27,SJC,20.0,14104.07,2.0
2026-02-27,ICF,80.0,493257.6,4.0
2026-02-27,IDI,10.0,4945.0,7.0
2026-02-27,BGI,160.0,311275.8,11.0
2026-02-27,DOL,21890.0,261024125.0,22.0
2026-02-27,CCM,2102.0,1534945.5,31.0
2026-03-02,DOL,0.0,0.0,0.0
2026-03-02,IDI,0.0,0.0,0.0
2026-03-06,ICF,0.0,0.0,0.0
2026-03-06,DOL,5820.0,13880155.0,17.0
2026-03-06,CCM,2807.0,1326267.0,29.0
2026-03-06,BGI,2416.0,1171975.2,20.0
2026-03-06,SJC,0.0,0.0,0.0
2026-03-11,DOL,2635.0,26735664.0,17.0
2026-03-11,CCM,6559.0,3859708.5,26.0
2026-03-11,SJC,159.0,289929.79000000004,8.0
2026-03-11,ICF,0.0,0.0,0.0
2026-03-11,BGI,3.0,3118.5,1.0
2026-03-12,DOL,2565.0,8175600.0,16.0
2026-03-12,CCM,1323.0,1303632.0,20.0
2026-03-12,BGI,331.0,458841.9,18.0
2026-03-12,SJC,14.0,37637.27,2.0
2026-03-12,ICF,0.0,0.0,0.0
2026-03-16,DOL,17795.0,42374689.0,18.0
2026-03-16,CCM,4491.0,2539773.0,21.0
2026-03-16,BGI,107.0,199273.8,10.0
2026-03-16,SJC,0.0,0.0,0.0
2026-03-16,IDI,255403.0,52670727.32,71.0
2026-03-16,ICF,10.0,80239.05,2.0
2026-03-17,DOL,1375.0,2312125.0,6.0
2026-03-17,SJC,24.0,34036.32,4.0
2026-03-17,BGI,416.0,562590.6,18.0
2026-03-17,ICF,0.0,0.0,0.0
2026-03-17,CCM,10776.0,4226130.0,25.0
2026-03-18,DOL,17850.0,47855625.0,23.0
2026-03-18,IDI,8424.0,305319.16,82.0
2026-03-18,SJC,0.0,0.0,0.0
2026-03-18,BGI,6022.0,6782183.1,17.0
2026-03-18,CCM,912.0,606123.0,13.0
2026-03-18,ICF,0.0,0.0,0.0
2026-03-19,DOL,18880.0,48244382.0,30.0
2026-03-19,BGI,1814.0,2368825.8,69.0
2026-03-19,ICF,0.0,0.0,0.0
2026-03-19,SJC,28.0,72812.12,1.0
2026-03-19,CCM,28.0,38655.0,2.0
2026-03-20,SJC,0.0,0.0,0.0
2026-03-20,BGI,1453.0,2828205.6,41.0
2026-03-20,ICF,0.0,0.0,0.0
2026-03-20,CCM,232.0,234324.0,11.0
2026-03-20,DOL,21635.0,52573669.75,48.0
2026-03-23,CCM,1521.0,1969164.0,10.0
2026-03-23,DOL,14040.0,31650352.5,24.0
2026-03-23,SJC,0.0,0.0,0.0
2026-03-23,ICF,0.0,0.0,0.0
2026-03-23,BGI,561.0,1060422.0,36.0
2026-03-24,CCM,238.0,257796.0,14.0
2026-03-24,BGI,947.0,1507255.2,72.0
2026-03-24,DOL,1085.0,2461975.0,7.0
2026-03-24,IDI,4.0,3200.0,3.0
2026-03-24,ICF,0.0,0.0,0.0
2026-03-24,SJC,0.0,0.0,0.0
2026-03-26,CCM,1282.0,1657881.0,10.0
2026-03-26,BGI,1264.0,2683748.1,58.0
2026-03-26,DOL,10290.0,15950546.0,23.0
2026-03-26,IDI,180008.0,19500645.0,13.0
2026-03-26,SJC,400.0,810532.8,2.0
2026-03-26,ICF,0.0,0.0,0.0
2026-03-27,DOL,12005.0,13578855.0,28.0
2026-03-27,ICF,10.0,80603.55,2.0
2026-03-27,BGI,2507.0,2694912.0,43.0
2026-03-27,SJC,126.0,197472.13,6.0
2026-03-30,DOL,5375.0,13468839.5,23.0
2026-03-30,SJC,17.0,48172.05,1.0
2026-03-30,BGI,2096.0,6111491.1,33.0
2026-03-30,CCM,1137.0,455575.5,13.0
2026-03-30,ICF,0.0,0.0,0.0
2026-03-31,BGI,0.0,0.0,0.0
2026-04-01,IDI,0.0,0.0,0.0
2026-04-01,ICF,0.0,0.0,0.0
2026-04-01,SJC,0.0,0.0,0.0
2026-04-01,DOL,24580.0,114062338.0,29.0
2026-04-01,BGI,4276.0,11946735.9,64.0
2026-04-01,CCM,2557.0,2840544.0,23.0
2026-04-02,DOL,1430.0,12057749.5,9.0
2026-04-02,BGI,369.0,696808.2,35.0
2026-04-02,CCM,560.0,616428.0,9.0
2026-04-02,ICF,50.0,424110.9,3.0
2026-04-02,SJC,0.0,0.0,0.0
2026-04-06,ICF,0.0,0.0,0.0
2026-04-06,BGI,2126.0,2762598.3,30.0
2026-04-06,CCM,2575.0,621225.0,6.0
2026-04-06,DOL,845.0,6845515.0,4.0
2026-04-06,SJC,0.0,0.0,0.0
2026-04-07,CCM,1029.0,692329.5,15.0
2026-04-07,DOL,4530.0,7331432.5,8.0
2026-04-07,BGI,399.0,1159950.0,21.0
2026-04-07,SJC,0.0,0.0,0.0
2026-04-07,IDI,2000.0,500000.0,1.0
2026-04-07,ICF,31.0,2520458.11,2.0
2026-04-08,DOL,2315.0,11623652.5,20.0
2026-04-08,CCM,2903.0,2495187.0,25.0
2026-04-08,BGI,188.0,1127194.2,23.0
2026-04-08,IDI,365.0,64032.37,8.0
2026-04-08,ICF,0.0,0.0,0.0
2026-04-08,SJC,0.0,0.0,0.0
2026-04-09,BGI,0.0,0.0,0.0
2026-04-09,CCM,0.0,0.0,0.0
2026-04-09,DOL,0.0,0.0,0.0
2026-04-09,ICF,0.0,0.0,0.0
2026-04-09,IDI,0.0,0.0,0.0
2026-04-09,SJC,0.0,0.0,0.0
2026-04-10,CCM,1655.0,1264477.5,22.0
2026-04-10,IDI,0.0,0.0,0.0
2026-04-10,BGI,487.0,671665.5,19.0
2026-04-10,ICF,0.0,0.0,0.0
2026-04-10,SJC,20.0,25481.95,2.0
2026-04-10,DOL,4610.0,10985617.5,33.0
2026-04-13,IDI,127867.0,115620946.41,42.0
2026-04-13,ICF,0.0,0.0,0.0
2026-04-13,CCM,808.0,431325.0,6.0
2026-04-13,SJC,0.0,0.0,0.0
2026-04-13,DOL,8055.0,41743181.25,17.0
2026-04-13,BGI,199.0,348922.2,14.0
2026-04-14,IDI,0.0,0.0,0.0
2026-04-15,SJC,0.0,0.0,0.0
2026-04-15,IDI,2776.0,1006807.67,32.0
2026-04-15,ICF,0.0,0.0,0.0
2026-04-15,CCM,7261.0,4647343.5,32.0
2026-04-15,BGI,807.0,2884813.8,20.0
2026-04-15,DOL,1975.0,17004225.0,6.0
2026-04-17,BGI,1185.0,2902472.1,19.0
2026-04-17,CCM,1110.0,1152738.0,22.0
2026-04-17,DOL,19525.0,46781126.5,30.0
2026-04-17,IDI,0.0,0.0,0.0
2026-04-17,ICF,0.0,0.0,0.0
2026-04-17,SJC,0.0,0.0,0.0
2026-04-20,IDI,0.0,0.0,0.0
2026-04-20,SJC,0.0,0.0,0.0
2026-04-20,ICF,0.0,0.0,0.0
2026-04-20,BGI,539.0,934424.7,32.0
2026-04-20,DOL,1545.0,11869312.5,6.0
2026-04-20,CCM,2146.0,1241644.5,30.0
2026-04-22,BGI,8.0,15651.9,7.0
2026-04-22,CCM,1983.0,2630817.0,21.0
2026-04-22,DOL,3330.0,25220375.0,12.0
2026-04-22,ICF,0.0,0.0,0.0
2026-04-22,IDI,125138.0,6872393.66,18.0
2026-04-22,SJC,0.0,0.0,0.0
2026-04-23,SJC,0.0,0.0,0.0
2026-04-23,IDI,22000.0,2517070.0,7.0
2026-04-23,ICF,0.0,0.0,0.0
2026-04-23,BGI,436.0,606675.3,40.0
2026-04-23,DOL,7440.0,17817210.0,13.0
2026-04-23,CCM,921.0,748170.0,19.0
2026-04-24,SJC,0.0,0.0,0.0
2026-04-24,ICF,12.0,160035.2,3.0
2026-04-24,IDI,0.0,0.0,0.0
2026-04-24,CCM,791.0,461484.0,20.0
2026-04-24,DOL,3570.0,5331233.0,17.0
2026-04-24,BGI,352.0,799870.5,13.0
2026-04-27,DOL,1285.0,1395750.0,4.0
2026-04-28,DOL,12795.0,49493687.5,16.0
2026-04-28,IDI,0.0,0.0,0.0
2026-04-29,BGI,1006.0,8716118.4,25.0
2026-04-29,CCM,4838.0,5576719.5,44.0
2026-04-29,SJC,1.0,2475.69,1.0
2026-04-29,DOL,4105.0,6911235.0,12.0
2026-04-30,ICF,10.0,96744.23,1.0
2026-04-30,IDI,3263.0,509191.15,1.0
2026-04-30,SJC,20.0,164678.42,1.0
2026-04-30,DOL,30880.0,320704600.0,39.0
2026-04-30,CCM,3291.0,2324565.0,25.0
2026-04-30,BGI,776.0,1365906.3,12.0
2026-05-04,DOL,4310.0,7371839.0,18.0
2026-05-04,BGI,49.0,90921.6,8.0
2026-05-04,CCM,3910.0,3921840.0,16.0
2026-05-04,ICF,60.0,568675.7,4.0
2026-05-04,IDI,0.0,0.0,0.0
2026-05-04,SJC,20.0,41346.94,2.0
2026-05-05,IDI,0.0,0.0,0.0
2026-05-05,SJC,0.0,0.0,0.0
2026-05-05,ICF,0.0,0.0,0.0
2026-05-05,CCM,6366.0,6752047.5,28.0
2026-05-05,DOL,33065.0,332912836.25,46.0
2026-05-05,BGI,28.0,73227.0,5.0
2026-05-06,ICF,0.0,0.0,0.0
2026-05-06,SJC,13.0,43479.37,1.0
2026-05-06,CCM,7380.0,10539733.5,39.0
2026-05-06,BGI,138.0,256320.9,14.0
2026-05-06,DOL,1880.0,12790050.0,14.0
2026-05-07,ICF,0.0,0.0,0.0
2026-05-07,SJC,20.0,42494.11,1.0
2026-05-07,DOL,2675.0,15929312.5,10.0
2026-05-07,CCM,5712.0,6962674.5,18.0
2026-05-07,BGI,480.0,503982.6,27.0
2026-05-08,BGI,3.0,5329.5,3.0
2026-05-08,CCM,3109.0,3256182.0,16.0
2026-05-08,DOL,5770.0,27587987.5,17.0
2026-05-08,IDI,66769.0,17268364.63,26.0
2026-05-08,SJC,0.0,0.0,0.0
2026-05-08,ICF,0.0,0.0,0.0
2026-05-12,CCM,1716.0,2073483.0,15.0
2026-05-12,BGI,66.0,79305.6,10.0
2026-05-12,SJC,10.0,23654.4,2.0
2026-05-12,IDI,0.0,0.0,0.0
2026-05-12,ICF,0.0,0.0,0.0
2026-05-12,DOL,5155.0,4016094.0,7.0
2026-05-13,SJC,10.0,16822.68,2.0
2026-05-13,DOL,590.0,1394050.0,8.0
2026-05-13,ICF,0.0,0.0,0.0
2026-05-13,BGI,451.0,666636.3,11.0
2026-05-13,CCM,6537.0,5805112.5,24.0
2026-05-14,DOL,0.0,0.0,0.0
2026-05-14,BGI,0.0,0.0,0.0
2026-05-14,CCM,0.0,0.0,0.0
2026-05-14,ICF,0.0,0.0,0.0
2026-05-14,IDI,0.0,0.0,0.0
2026-05-14,SJC,0.0,0.0,0.0
2026-05-15,BGI,4850.0,14060471.7,34.0
2026-05-15,CCM,3869.0,5191735.5,12.0
2026-05-15,DOL,31025.0,440680244.0,36.0
2026-05-15,ICF,0.0,0.0,0.0
2026-05-15,SJC,40.0,50172.21,2.0
2026-05-18,IDI,0.0,0.0,0.0
2026-05-18,ICF,0.0,0.0,0.0
2026-05-18,CCM,9942.0,12465738.0,24.0
2026-05-18,BGI,2348.0,6928726.2,25.0
2026-05-18,SJC,30.0,63108.36,3.0
2026-05-18,DOL,15120.0,15306211.0,15.0
2026-05-19,SJC,67.0,192819.47,1.0
2026-05-19,IDI,0.0,0.0,0.0
2026-05-19,ICF,0.0,0.0,0.0
2026-05-19,BGI,2719.0,7580017.5,32.0
2026-05-19,CCM,1574.0,2208429.0,7.0
2026-05-19,DOL,19200.0,37816400.0,12.0
2026-05-20,BGI,1615.0,664629.9,19.0
2026-05-20,DOL,735.0,2071015.0,8.0
2026-05-20,ICF,0.0,0.0,0.0
2026-05-20,SJC,0.0,0.0,0.0
2026-05-20,CCM,870.0,1207575.0,7.0
2026-05-21,BGI,1927.0,3238141.5,20.0
2026-05-21,CCM,352.0,254367.0,10.0
2026-05-21,DOL,3570.0,10692535.0,9.0
2026-05-21,ICF,0.0,0.0,0.0
2026-05-21,IDI,19947.0,2923999.6,9.0
2026-05-21,SJC,0.0,0.0,0.0
2026-05-22,DOL,1730.0,4924325.0,12.0
2026-05-22,BGI,195.0,113001.9,12.0
2026-05-22,CCM,69.0,49477.5,5.0
2026-05-22,SJC,0.0,0.0,0.0
2026-05-22,IDI,63368.0,4957580.98,86.0
2026-05-22,ICF,0.0,0.0,0.0
2026-05-26,IDI,14583.0,3195652.85,66.0
2026-05-26,ICF,0.0,0.0,0.0
2026-05-26,SJC,0.0,0.0,0.0
2026-05-26,CCM,11134.0,7382241.0,30.0
2026-05-26,BGI,1354.0,1071533.1,19.0
2026-05-26,DOL,5035.0,41151062.5,13.0
2026-05-27,BGI,3773.0,3172438.5,29.0
2026-05-27,CCM,1779.0,1870497.0,30.0
2026-05-27,DOL,3210.0,11774725.0,15.0
2026-05-27,ICF,0.0,0.0,0.0
2026-05-27,SJC,10.0,14219.71,2.0
2026-05-29,IDI,3.0,2150.0,2.0
2026-05-29,ICF,16.0,133156.32,2.0
2026-05-29,SJC,20.0,45394.2,2.0
2026-05-29,CCM,3372.0,2000713.5,27.0
2026-05-29,BGI,415.0,1030434.9,18.0
2026-05-29,DOL,13305.0,23809448.75,40.0
2026-06-01,BGI,656.0,1596721.5,16.0
2026-06-01,CCM,134.0,179892.0,9.0
2026-06-01,DOL,3485.0,7357479.25,18.0
2026-06-01,ICF,0.0,0.0,0.0
2026-06-01,IDI,0.0,0.0,0.0
2026-06-01,SJC,0.0,0.0,0.0
2026-06-02,BGI,164.0,565765.2,7.0
2026-06-02,DOL,5845.0,28719976.75,47.0
2026-06-02,CCM,7331.0,3104739.0,46.0
2026-06-02,IDI,0.0,0.0,0.0
2026-06-02,SJC,0.0,0.0,0.0
2026-06-02,ICF,0.0,0.0,0.0
2026-06-05,DOL,9140.0,34425808.0,22.0
2026-06-05,CCM,2262.0,1380973.5,32.0
2026-06-05,BGI,45.0,142032.0,5.0
2026-06-05,ICF,92.0,677996.18,4.0
2026-06-05,IDI,64582.0,6084207.5,25.0
2026-06-05,SJC,64.0,170412.31999999998,3.0
2026-06-09,ICF,0.0,0.0,0.0
2026-06-09,DOL,700.0,15555750.0,2.0
2026-06-09,IDI,100000.0,4655600.0,5.0
2026-06-09,BGI,21.0,21483.0,1.0
2026-06-09,CCM,340.0,370998.0,10.0
2026-06-09,SJC,0.0,0.0,0.0
2026-06-11,CCM,4422.0,3032302.5,24.0
2026-06-11,BGI,4140.0,7413582.0,22.0
2026-06-11,ICF,0.0,0.0,0.0
2026-06-11,DOL,15860.0,12804644.5,30.0
2026-06-11,SJC,0.0,0.0,0.0
2026-06-12,ICF,0.0,0.0,0.0
2026-06-15,ICF,0.0,0.0,0.0
2026-06-15,BGI,265.0,251671.2,22.0
2026-06-15,CCM,2427.0,1559524.5,13.0
2026-06-15,DOL,8240.0,8619399.75,17.0
2026-06-15,SJC,150.0,280314.54000000004,3.0
2026-06-16,CCM,503.0,478530.0,11.0
2026-06-16,BGI,816.0,1009925.4,23.0
2026-06-16,DOL,3615.0,2339500.0,9.0
2026-06-16,ICF,30.0,477858.4,2.0
2026-06-16,SJC,0.0,0.0,0.0
2026-06-17,BGI,1158.0,2007512.1,26.0
2026-06-17,CCM,2139.0,1863607.5,14.0
2026-06-17,DOL,26620.0,65796047.5,40.0
2026-06-17,ICF,0.0,0.0,0.0
2026-06-17,IDI,180000.0,109827600.0,6.0
2026-06-17,SJC,0.0,0.0,0.0
2026-06-18,BGI,244.0,314077.5,19.0
2026-06-18,DOL,69090.0,179993554.25,63.0
2026-06-18,CCM,2168.0,2533756.5,12.0
2026-06-18,SJC,40.0,93069.0,4.0
2026-06-18,ICF,60.0,754893.0,4.0
2026-06-18,IDI,210000.0,25764100.0,38.0
2026-06-19,BGI,98.0,253961.4,14.0
2026-06-19,CCM,3814.0,4679235.0,11.0
2026-06-19,DOL,3260.0,1631300.0,7.0
2026-06-19,ICF,0.0,0.0,0.0
2026-06-19,SJC,0.0,0.0,0.0
2026-06-22,BGI,1117.0,1231150.8,16.0
2026-06-22,CCM,531.0,839160.0,6.0
2026-06-22,ICF,0.0,0.0,0.0
2026-06-22,SJC,63.0,18942.72,3.0
2026-06-22,DOL,95175.0,340406062.5,88.0
2026-06-23,BGI,14.0,24426.6,3.0
2026-06-23,CCM,4536.0,4644697.5,32.0
2026-06-23,DOL,12670.0,25417421.5,23.0
2026-06-23,ICF,0.0,0.0,0.0
2026-06-23,IDI,9596.0,3015037.89,25.0
2026-06-23,SJC,10.0,27305.34,1.0
2026-06-25,DOL,8630.0,9929030.0,24.0
2026-06-25,BGI,7120.0,13066234.5,23.0
2026-06-25,CCM,2025.0,1327500.0,10.0
2026-06-25,IDI,65.0,13890.0,12.0
2026-06-25,SJC,0.0,0.0,0.0
2026-06-25,ICF,0.0,0.0,0.0
2026-06-26,SJC,0.0,0.0,0.0
2026-06-29,IDI,3436.0,952245.58,26.0
2026-06-29,SJC,0.0,0.0,0.0
2026-06-29,ICF,3.0,26652.43,3.0
2026-06-29,DOL,4970.0,18600510.0,16.0
2026-06-29,CCM,371.0,179572.5,10.0
2026-06-29,BGI,1109.0,9266918.1,19.0
2026-07-03,SJC,0.0,0.0,0.0
2026-07-03,IDI,80005.0,11149300.0,9.0
2026-07-03,ICF,0.0,0.0,0.0
2026-07-03,CCM,1265.0,936702.0,19.0
2026-07-03,BGI,4329.0,3428073.0,19.0
2026-07-03,DOL,10375.0,41120500.0,10.0
2026-07-06,IDI,0.0,0.0,0.0
2026-07-07,IDI,0.0,0.0,0.0
2026-07-07,BGI,987.0,2024909.7,13.0
2026-07-07,CCM,1462.0,676215.0,16.0
2026-07-07,DOL,11400.0,18327372.5,22.0
2026-07-07,ICF,15.0,125308.91,3.0
2026-07-07,SJC,0.0,0.0,0.0
2026-07-10,ICF,0.0,0.0,0.0
2026-07-10,DOL,14170.0,35574697.0,20.0
2026-07-10,SJC,4.0,5560.76,2.0
2026-07-10,BGI,194.0,101333.1,7.0
2026-07-10,CCM,3973.0,3684654.0,42.0
2026-07-13,BGI,159.0,417948.3,15.0
2026-07-13,CCM,1011.0,389227.5,27.0
2026-07-13,DOL,4000.0,2131250.0,7.0
2026-07-13,ICF,10.0,110273.5,1.0
2026-07-13,SJC,30.0,10386.22,1.0
2026-07-14,SJC,0.0,0.0,0.0
2026-07-14,IDI,80000.0,20349200.0,5.0
2026-07-14,ICF,0.0,0.0,0.0
2026-07-14,CCM,1344.0,1578519.0,20.0
2026-07-14,BGI,568.0,1139826.6,16.0
2026-07-14,DOL,46370.0,100012435.0,32.0
2026-07-15,BGI,2098.0,1811874.9,21.0
2026-07-15,CCM,5593.0,3253162.5,19.0
2026-07-15,DOL,4720.0,2912500.0,21.0
2026-07-15,ICF,0.0,0.0,0.0
2026-07-15,IDI,161.0,29598.24,1.0
2026-07-15,SJC,0.0,0.0,0.0
2026-07-16,ICF,15.0,214506.75,6.0
2026-07-16,DOL,1400.0,7845955.0,11.0
2026-07-16,IDI,7000.0,1700000.0,3.0
2026-07-16,BGI,1167.0,518951.4,19.0
2026-07-16,CCM,4636.0,2313499.5,50.0
2026-07-16,SJC,33.0,49210.369999999995,2.0
2026-07-17,ICF,20.0,291156.0,2.0
2026-07-17,DOL,3390.0,15299028.5,8.0
2026-07-17,IDI,4.0,555.0,2.0
2026-07-17,BGI,836.0,567514.2000000001,16.0
2026-07-17,CCM,828.0,573223.5,8.0
2026-07-17,SJC,22.0,67762.72,1.0
